ID,Name Key,Base,de,es,fr,id,it,ja,ko,pt,ru,th,vi,zh-Hans,zh-Hant
CDL5,commerce_item_name_cdl5,ğŸ•¯ï¸x 15,,,,,,,,,,,ğŸ•¯ï¸x 15,,
CDL10,commerce_item_name_cdl10,ğŸ•¯ï¸x 35,,,,,,,,,,,ğŸ•¯ï¸x 35,,
CDL20,commerce_item_name_cdl20,ğŸ•¯ï¸x 72,,,,,,,,,,,ğŸ•¯ï¸x 72,,
CDL50,commerce_item_name_cdl50,ğŸ•¯ï¸x 190,,,,,,,,,,,ğŸ•¯ï¸x 190,,
SCDL5,commerce_item_name_season_bundle,Season Bundle,Saisonspaket,Paquete de temporada,Bundle saisonnier,Bundel Musim,Bundle stagionale,ã‚·ãƒ¼ã‚ºãƒ³é™å®šãƒ‘ãƒƒã‚¯,ì‹œì¦Œ ë²ˆë“¤,Pacote de temporada,Ğ¡ĞµĞ·Ğ¾Ğ½Ğ½Ñ‹Ğ¹ Ğ½Ğ°Ğ±Ğ¾Ñ€,à¸šà¸±à¸™à¹€à¸”à¸´à¸¥à¸¤à¸”à¸¹à¸à¸²à¸¥,GÃ³i QuÃ  MÃ¹a,é™å®šèœ¡çƒ›ç¤¼åŒ…,é™å®šè Ÿç‡­ç¦®åŒ…
SCDL10,commerce_item_name_season_bundle,Season Bundle,Saisonspaket,Paquete de temporada,Bundle saisonnier,Bundel Musim,Bundle stagionale,ã‚·ãƒ¼ã‚ºãƒ³é™å®šãƒ‘ãƒƒã‚¯,ì‹œì¦Œ ë²ˆë“¤,Pacote de temporada,Ğ¡ĞµĞ·Ğ¾Ğ½Ğ½Ñ‹Ğ¹ Ğ½Ğ°Ğ±Ğ¾Ñ€,à¸šà¸±à¸™à¹€à¸”à¸´à¸¥à¸¤à¸”à¸¹à¸à¸²à¸¥,GÃ³i QuÃ  MÃ¹a,é™å®šèœ¡çƒ›ç¤¼åŒ…,é™å®šè Ÿç‡­ç¦®åŒ…
SCDL20,commerce_item_name_season_bundle,Season Bundle,Saisonspaket,Paquete de temporada,Bundle saisonnier,Bundel Musim,Bundle stagionale,ã‚·ãƒ¼ã‚ºãƒ³é™å®šãƒ‘ãƒƒã‚¯,ì‹œì¦Œ ë²ˆë“¤,Pacote de temporada,Ğ¡ĞµĞ·Ğ¾Ğ½Ğ½Ñ‹Ğ¹ Ğ½Ğ°Ğ±Ğ¾Ñ€,à¸šà¸±à¸™à¹€à¸”à¸´à¸¥à¸¤à¸”à¸¹à¸à¸²à¸¥,GÃ³i QuÃ  MÃ¹a,é™å®šèœ¡çƒ›ç¤¼åŒ…,é™å®šè Ÿç‡­ç¦®åŒ…
SCDL50,commerce_item_name_season_bundle,Season Bundle,Saisonspaket,Paquete de temporada,Bundle saisonnier,Bundel Musim,Bundle stagionale,ã‚·ãƒ¼ã‚ºãƒ³é™å®šãƒ‘ãƒƒã‚¯,ì‹œì¦Œ ë²ˆë“¤,Pacote de temporada,Ğ¡ĞµĞ·Ğ¾Ğ½Ğ½Ñ‹Ğ¹ Ğ½Ğ°Ğ±Ğ¾Ñ€,à¸šà¸±à¸™à¹€à¸”à¸´à¸¥à¸¤à¸”à¸¹à¸à¸²à¸¥,GÃ³i QuÃ  MÃ¹a,é™å®šèœ¡çƒ›ç¤¼åŒ…,é™å®šè Ÿç‡­ç¦®åŒ…
SNC00,commerce_item_name_starter_pack,Starter Pack,Starterpaket,Paquete de principiante,Pack dÃ©butant,Paket Pemula,Pacchetto iniziale,ã‚¹ã‚¿ãƒ¼ã‚¿ãƒ¼ãƒ‘ãƒƒã‚¯,ì´ˆë³´ì íŒ©,Pacote de iniciante,Ğ¡Ñ‚Ğ°Ñ€Ñ‚Ğ¾Ğ²Ñ‹Ğ¹ Ğ½Ğ°Ğ±Ğ¾Ñ€,à¹à¸à¹‡à¸à¹€à¸£à¸´à¹ˆà¸¡à¸•à¹‰à¸™,GÃ³i Khá»Ÿi Äá»™ng,è¶…å€¼ç¤¼åŒ…,è¶…å€¼ç¦®åŒ…
SNC01,commerce_item_name_founder_pack,Founder's Pack,GrÃ¼nderpaket,Paquete de fundador,Pack fondateur,Paket Pendiri,Pacchetto fondatore,ã‚µãƒãƒ¼ã‚¿ãƒ¼ãƒ‘ãƒƒã‚¯,ì´ˆë³´ì íŒ©,Pacote do Fundador,ĞĞ°Ğ±Ğ¾Ñ€ Ğ¾ÑĞ½Ğ¾Ğ²Ğ°Ñ‚ĞµĞ»Ñ,à¹à¸à¹‡à¸à¸œà¸¹à¹‰à¸à¹ˆà¸­à¸•à¸±à¹‰à¸‡,GÃ³i NgÆ°á»i SÃ¡ng Láº­p,äº‘æµèŠ±æ—…ç¤¼åŒ…,é›²æµèŠ±æ—…ç¦®åŒ…
SNC03,commerce_item_name_xmas_pack,Days of Feast Pack,,Paquete DÃ­a de festividades,Pack des Jours de fÃªte,Paket Hari Perjamuan,Pacchetto Giorni di Festa,è–ãªã‚‹æ˜Ÿã®æ—¥ã€…\nãƒ‘ãƒƒã‚¯,ì—°íšŒì˜ ë‚  íŒ©,Pacote de fÃ©rias,ĞĞ°Ğ±Ğ¾Ñ€ Â«ĞŸÑ€Ğ°Ğ·Ğ´Ğ½Ğ¸Ñ‡Ğ½Ñ‹Ğµ Ğ´Ğ½Ğ¸Â»,à¹à¸à¹‡à¸à¸§à¸±à¸™à¹à¸«à¹ˆà¸‡à¸‡à¸²à¸™à¸‰à¸¥à¸­à¸‡,GÃ³i NgÃ y Yáº¿n Há»™i,å®´ä¼šå¸½ç¤¼åŒ…,å®´æœƒå¸½ç¦®åŒ…
SNC05,commerce_item_name_ap_cape_bat,Spooky Bat Cape,Gruseliger Fledermausmantel,Capa de murciÃ©lago tenebrosa,Cape de chauve-souris,Jubah Kelelawar Mengerikan,Mantello da pipistrello,ã‚¹ãƒ—ãƒ¼ã‚­ãƒ¼ãƒ»ã‚³ã‚¦ãƒ¢ãƒªã‚±ãƒ¼ãƒ—,ìœ¼ìŠ¤ìŠ¤í•œ ë°•ì¥ë§í† ,Capa do Morcego Assustador,ĞĞ°ĞºĞ¸Ğ´ĞºĞ° Â«ĞĞµÑ‚Ğ¾Ğ¿Ñ‹Ñ€ÑŒÂ»,à¹€à¸ªà¸·à¹‰à¸­à¸„à¸¥à¸¸à¸¡à¸„à¹‰à¸²à¸‡à¸„à¸²à¸§à¸ªà¸¢à¸¶à¸¡à¸à¸¶à¹‹à¸¢,Ão ChoÃ ng DÆ¡i Ma QuÃ¡i,ææ€–çš„è™è æ–—ç¯·,é™°æ£®è™è æ–—ç¯·
SNC06,commerce_item_name_ap_pumpkin_head,Hungry Pumpkin Hat,Hungriger KÃ¼rbishut,Sombrero de calabaza enojada,Chapeau de citrouille affamÃ©e,Topi Labu Lapar,Cappello da zucca furiosa,ã¯ã‚‰ãºã“ãƒ‘ãƒ³ãƒ—ã‚­ãƒ³ãƒãƒƒãƒˆ,êµ¶ì£¼ë¦° í˜¸ë°•ëª¨ì,ChapÃ©u da AbÃ³bora Faminta,Ğ¨Ğ»ÑĞ¿Ğ° Â«Ğ“Ğ¾Ğ»Ğ¾Ğ´Ğ½Ğ°Ñ Ñ‚Ñ‹ĞºĞ²Ğ°Â»,à¸«à¸¡à¸§à¸à¸Ÿà¸±à¸à¸—à¸­à¸‡à¸«à¸´à¸§à¹‚à¸«à¸¢,MÅ© BÃ­ NgÃ´ ÄÃ³i KhÃ¡t,,é£¢é¤“å—ç“œå¸½
SNC08,commerce_item_name_love_swing,Days of Love Swing Pack,,Paquete de Columpio de los dÃ­as del amor,Pack balanÃ§oire des Jours de l'amour,Paket Ayunan Hari Kasih,Pacchetto Altalena dei Giorni dell'Amore,æ„›ã—ã¿ã®ãƒ–ãƒ©ãƒ³ã‚³,ì‚¬ë‘ì˜ ë‚  ê·¸ë„¤,Pacote - BalanÃ§o dos Dias de Amor,ĞĞ°Ğ±Ğ¾Ñ€ Â«ĞšĞ°Ñ‡ĞµĞ»Ğ¸ Ğº Ğ”Ğ½ÑĞ¼ Ğ›ÑĞ±Ğ²Ğ¸Â»,à¹à¸à¹‡à¸à¸Šà¸´à¸‡à¸Šà¹‰à¸²à¸§à¸±à¸™à¹à¸«à¹ˆà¸‡à¸„à¸§à¸²à¸¡à¸£à¸±à¸,GÃ³i XÃ­ch Äu TÃ¬nh YÃªu,åŒäººç§‹åƒç¤¼åŒ…,é›™äººé¦éŸ†ç¦®åŒ…
SNC09,commerce_item_name_daysofnature_pack,Earth Cape,Erdumhang,Capa de la Tierra,Cape de terre,Jubah Bumi,Mantello della terra,ã‚¢ãƒ¼ã‚¹ã‚±ãƒ¼ãƒ—,ì§€êµ¬ ë§í† ,Capa da terra,ĞĞ°ĞºĞ¸Ğ´ĞºĞ° Ğ—ĞµĞ¼Ğ»Ğ¸,à¸œà¹‰à¸²à¸„à¸¥à¸¸à¸¡à¸›à¸à¸à¸µ,Ão ChoÃ ng TrÃ¡i Äáº¥t,åœ°çƒæ—¥æ–—ç¯·,åœ°çƒæ—¥æ–—ç¯·
SNC10,commerce_item_name_covid_pack,Healing Pack,Heilungspaket,Paquete de CuraciÃ³n,Pack guÃ©rison,Paket Pemulih,Pacchetto di guarigione,ç™’ã—ã®ãƒ‘ãƒƒã‚¯,ì¹˜ìœ  íŒ©,Pacote de cura,Ğ¦ĞµĞ»ĞµĞ±Ğ½Ñ‹Ğ¹ Ğ½Ğ°Ğ±Ğ¾Ñ€,à¹à¸à¹‡à¸à¸Ÿà¸·à¹‰à¸™à¸Ÿà¸¹,GÃ³i Chá»¯a LÃ nh,ç™½è¡£ç¥ˆç¦ç¤¼åŒ…,ç™½è¡£ç¥ˆç¦ç¤¼åŒ…
SNC12,commerce_item_name_kizuna_pack_pink,KizunaAI Pack,KizunaAI-Paket,Paquete de KizunaAI,Pack KizunaAI,Paket KizunaAI,Pacchetto KizunaAI,ã‚­ã‚ºãƒŠã‚¢ã‚¤ãƒ‘ãƒƒã‚¯,KizunaAI íŒ©,Pacote da KizunaAI,ĞĞ°Ğ±Ğ¾Ñ€ Kizuna AI,à¹à¸à¹‡à¸ KizunaAI,GÃ³i KizunaAI,ç»Šçˆ±ç¤¼åŒ…,çµ†æ„›ç¦®åŒ…
SNC13,commerce_item_name_summer_pack,Moonlight Lantern,Mondlicht-Laterne,Farol de luz de luna,Lanterne du Clair de Lune,Lampion Cahaya Bulan,Chiaro di Luna - Lanterna,æœˆç¯ã‚Šãƒ©ãƒ³ã‚¿ãƒ³,ë‹¬ë¹› ë“±ë¶ˆ,Lanterna do luar,Ğ›ÑƒĞ½Ğ½Ñ‹Ğ¹ Ñ„Ğ¾Ğ½Ğ°Ñ€ÑŒ,à¹‚à¸„à¸¡à¹à¸ªà¸‡à¸ˆà¸±à¸™à¸—à¸£à¹Œ,ÄÃ¨n Ãnh trÄƒng,æœˆå…‰ç¯ç¬¼,æœˆè¯ç‡ˆç± 
SNC14,commerce_item_name_mischief_witch_hat,Mischief Witch Hat,Schalk-Hexenhut,Sombrero de bruja de las travesuras,Chapeau de sorciÃ¨re de la malice,Topi Penyihir Kejahilan,Cappello da strega degli scherzetti,ã„ãŸãšã‚‰ã‚¦ã‚£ãƒƒãƒãƒãƒƒãƒˆ,ì¥ë‚œê¾¸ëŸ¬ê¸° ë§ˆë…€ëª¨ì,ChapÃ©u de bruxa de travessura,Ğ¨Ğ»ÑĞ¿Ğ° Ğ²ĞµĞ´ÑŒĞ¼Ñ‹ ĞºĞ¾ Ğ”Ğ½ÑĞ¼ Ğ¾Ğ·Ğ¾Ñ€ÑÑ‚Ğ²Ğ°,à¸«à¸¡à¸§à¸à¹à¸¡à¹ˆà¸¡à¸”à¸‹à¸¸à¸à¸‹à¸™,MÅ© PhÃ¹ Thá»§y Halloween,é­”æ³•å¥³å·«å¸½,é­”æ³•å¥³å·«å¸½
SNC15,commerce_item_name_mischief_web_cape,Mischief Web Cape,Schalk-Netzumhang,Capa de telaraÃ±a de las travesuras,Cape toile de la malice,Jubah Jaring Kejahilan,Mantello ragnatela degli scherzetti,ã„ãŸãšã‚‰ã‚¹ãƒ‘ã‚¤ãƒ€ãƒ¼ã‚±ãƒ¼ãƒ—,ì¥ë‚œê¾¸ëŸ¬ê¸° ê±°ë¯¸ì¤„ë§í† ,Capa de teia de travessura,ĞĞ°ĞºĞ¸Ğ´ĞºĞ° Ğ¸Ğ· Ğ¿Ğ°ÑƒÑ‚Ğ¸Ğ½Ñ‹ ĞºĞ¾ Ğ”Ğ½ÑĞ¼ Ğ¾Ğ·Ğ¾Ñ€ÑÑ‚Ğ²Ğ°,à¹€à¸ªà¸·à¹‰à¸­à¸„à¸¥à¸¸à¸¡à¹ƒà¸¢à¸‹à¸¸à¸à¸‹à¸™,Ão ChoÃ ng Máº¡ng Nhá»‡n,èœ˜è››ç½‘æ–—ç¯·,èœ˜è››ç¶²æ–—ç¯·
SNC17,commerce_item_name_xmas_horn,Days of Feast Horns,,Astas del DÃ­a de las festividades,Cornes des Jours de fÃªte,Tanduk Hari Perjamuan,Corna dei Giorni di Festa,è–ãªã‚‹é£¾ã‚Šè§’,ì—°íšŒì˜ ë‚  ë¿”,Chifres dos Dias de Festa,Ğ Ğ¾Ğ¶ĞºĞ¸ ĞŸÑ€Ğ°Ğ·Ğ´Ğ½Ğ¸Ñ‡Ğ½Ñ‹Ñ… Ğ”Ğ½ĞµĞ¹,à¹€à¸‚à¸²à¸ªà¸±à¸•à¸§à¹Œà¸§à¸±à¸™à¹à¸«à¹ˆà¸‡à¸‡à¸²à¸™à¸‰à¸¥à¸­à¸‡,Sá»«ng Yáº¿n Há»™i,å®´ä¼šèŠ‚ä¹‹è§’,å®´æœƒç¯€ä¹‹è§’
SNC18,commerce_item_name_snowflake_cape,Snowflake Cape,Schneeflocken-Umhang,Capa de copos de nieve,Cape flocon de neige,Jubah Kepingan Salju,Mantello fiocco di neve,è–ãªã‚‹é›ªèŠ±ã‚±ãƒ¼ãƒ—,ëˆˆê½ƒë§í† ,Capa do Floco de Neve,Ğ¡Ğ½ĞµĞ¶Ğ½Ğ°Ñ Ğ½Ğ°ĞºĞ¸Ğ´ĞºĞ°,à¹€à¸ªà¸·à¹‰à¸­à¸„à¸¥à¸¸à¸¡à¹€à¸à¸¥à¹‡à¸”à¸«à¸´à¸¡à¸°,Ão ChoÃ ng Hoa Tuyáº¿t,é›ªèŠ±æ–—ç¯·,é›ªèŠ±æ–—ç¯·
SNC19,commerce_item_name_fortune_orange,Days of Fortune Orange,,Naranja de los dÃ­as de la buena fortuna,Orange des Jours de chance,Jeruk Hari Keberuntungan,Arancia dei Giorni della Buona Stella,æ¥ç¦ã®æœå®Ÿ,í–‰ë³µì˜ ë‚  ê³¼ì¼,Laranja dos Dias de Felicidade,ĞĞ¿ĞµĞ»ÑŒÑĞ¸Ğ½ Ğº Ğ”Ğ½ÑĞ¼ Ğ£Ğ´Ğ°Ñ‡Ğ¸,à¸ªà¹‰à¸¡à¸§à¸±à¸™à¹à¸«à¹ˆà¸‡à¹‚à¸Šà¸„à¸¥à¸²à¸ ,Cam May Máº¯n,å¹¸è¿æ©˜,å¹¸é‹æ©˜
SNC20,commerce_item_name_wool_hat,Days of Fortune Wool Hat,,Gorro de lana de los dÃ­as de la buena fortuna,Chapeau de laine des Jours de chance,Topi Wol Hari Keberuntungan,Cappello di lana dei Giorni della Buona Stella,æ¥ç¦ã‚ã£ãŸã‹å¸½å­,í–‰ë³µì˜ ë‚  í„¸ëª¨ì,Gorro de lÃ£ dos Dias de Felicidade,Ğ¢ĞµĞ¿Ğ»Ğ°Ñ ÑˆĞ°Ğ¿Ğ¾Ñ‡ĞºĞ° Ğ”Ğ½ĞµĞ¹ Ğ£Ğ´Ğ°Ñ‡Ğ¸,à¸«à¸¡à¸§à¸à¸‚à¸™à¸ªà¸±à¸•à¸§à¹Œà¸§à¸±à¸™à¹à¸«à¹ˆà¸‡à¹‚à¸Šà¸„à¸¥à¸²à¸ ,MÅ© Len May Máº¯n,å¹¸è¿ç»’çº¿å¸½,å¹¸é‹çµ¨ç·šå¸½
SNC21,commerce_item_name_fortune_pack,Days of Fortune Pack,,Paquete de los dÃ­as de la buena fortuna,Pack des Jours de chance,Paket Hari Keberuntungan,Pacchetto Giorni della Buona Stella,æ¥ç¦ãƒ‘ãƒƒã‚¯,í–‰ë³µì˜ ë‚  íŒ©,Pacote dos Dias de Felicidade,ĞĞ°Ğ±Ğ¾Ñ€ Â«Ğ”Ğ½Ğ¸ Ğ£Ğ´Ğ°Ñ‡Ğ¸Â»,à¹à¸à¹‡à¸à¸§à¸±à¸™à¹à¸«à¹ˆà¸‡à¹‚à¸Šà¸„à¸¥à¸²à¸ ,GÃ³i NgÃ y May Máº¯n,å¹¸è¿èŠ‚ç¤¼åŒ…,å¹¸é‹ç¯€ç¦®åŒ…
SNC22,commerce_item_name_love_seesaw,Days of Love Seesaw Pack,,Paquete de Sube y baja de los dÃ­as del amor,Pack bascule des Jours de l'amour,Paket Jungkat-jungkit Hari Kasih,Pacchetto Altalena basculante dei Giorni dell'Amore,æ„›ã—ã¿ã®ã‚·ãƒ¼ã‚½ãƒ¼,ì‚¬ë‘ì˜ ë‚  ì‹œì†Œ,Pacote Gangorra dos Dias de Amor,ĞĞ°Ğ±Ğ¾Ñ€ Â«ĞšĞ°Ñ‡Ğ°Ğ»ĞºĞ° Ğº Ğ”Ğ½ÑĞ¼ Ğ›ÑĞ±Ğ²Ğ¸Â»,à¹à¸à¹‡à¸à¸à¸£à¸°à¸”à¸²à¸™à¸«à¸à¸§à¸±à¸™à¹à¸«à¹ˆà¸‡à¸„à¸§à¸²à¸¡à¸£à¸±à¸,GÃ³i Báº­p BÃªnh TÃ¬nh YÃªu,çˆ±ä¹‹è··è··æ¿ç¤¼åŒ…,æ„›ä¹‹è¹ºè¹ºæ¿ç¦®åŒ…
SNC23,commerce_item_name_bloom_teatable,Pink Bloom Teaset,Pinkes BlÃ¼ten-Teeservice,Juego de tÃ© de floraciÃ³n rosada,Service Ã  thÃ© fleuri rose,Set Teh Bermekaran Pink,Servizio da tÃ¨ fiorito rosa,èŠ±ç¬‘ã‚€ãƒ”ãƒ³ã‚¯ã®ãƒ†ã‚£ãƒ¼ã‚»ãƒƒãƒˆ,ë¶„í™ìƒ‰ ê½ƒë†€ì´ í‹°í…Œì´ë¸”,Conjunto de ChÃ¡ do Florescer Rosa,Ğ Ğ¾Ğ·Ğ¾Ğ²Ñ‹Ğ¹ Ñ‡Ğ°Ğ¹Ğ½Ñ‹Ğ¹ ÑĞµÑ€Ğ²Ğ¸Ğ·,à¸Šà¸¸à¸”à¸™à¹‰à¸³à¸Šà¸²à¹€à¸šà¹ˆà¸‡à¸šà¸²à¸™à¸ªà¸µà¸Šà¸¡à¸à¸¹,Bá»™ TrÃ  Ná»Ÿ Rá»™ Há»“ng,ç²‰ä¹‹ç»½æ”¾èŒ¶å…·,ç²‰ä¹‹ç¶»æ”¾èŒ¶å…·
SNC24,commerce_item_name_nature_oceannecklace,Ocean Necklace,Ozeanhalskette,Collar del ocÃ©ano,Collier de l'ocÃ©an,Kalung Samudra,Collana dell'oceano,ã‚ªãƒ¼ã‚·ãƒ£ãƒ³ãƒãƒƒã‚¯ãƒ¬ã‚¹,ë°”ë‹¤ ëª©ê±¸ì´,Colar do Oceano,ĞœĞ¾Ñ€ÑĞºĞ¾Ğµ Ğ¾Ğ¶ĞµÑ€ĞµĞ»ÑŒĞµ,à¸ªà¸£à¹‰à¸­à¸¢à¸„à¸­à¸—à¹‰à¸­à¸‡à¸—à¸°à¹€à¸¥,VÃ²ng Äáº¡i DÆ°Æ¡ng,æµ·æ´‹é¡¹é“¾,æµ·æ´‹é …éˆ
SNC25,commerce_item_name_nature_oceancape,Ocean Cape,Ozeanumhang,Capa del ocÃ©ano,Cape de l'ocÃ©an,Jubah Samudra,Mantello dell'oceano,ã‚ªãƒ¼ã‚·ãƒ£ãƒ³ã‚±ãƒ¼ãƒ—,ë°”ë‹¤ ë§í† ,Capa do Oceano,ĞœĞ¾Ñ€ÑĞºĞ°Ñ Ğ½Ğ°ĞºĞ¸Ğ´ĞºĞ°,à¹€à¸ªà¸·à¹‰à¸­à¸„à¸¥à¸¸à¸¡à¸—à¹‰à¸­à¸‡à¸—à¸°à¹€à¸¥,Ão ChoÃ ng Äáº¡i DÆ°Æ¡ng,æµ·æ´‹æ–—ç¯·,æµ·æ´‹æ–—ç¯·
SNC26,commerce_item_name_nintendo_pack,Red & Blue Starter Pack,Rotes und blaues Starterpaket,Paquete de aprendiz rojo y azul,Pack de dÃ©butant rouge et bleu,Paket Pemula Merah & Biru,Pacchetto iniziale rosso e blu,ãƒ¬ãƒƒãƒ‰&ãƒ–ãƒ«ãƒ¼ ã‚¹ã‚¿ãƒ¼ã‚¿ãƒ¼ãƒ‘ãƒƒã‚¯,ë ˆë“œ ì•¤ ë¸”ë£¨ ì´ˆë³´ì íŒ©,Pacote de iniciante vermelho e azul,Ğ¡Ğ¸Ğ½Ğµ-ĞºÑ€Ğ°ÑĞ½Ñ‹Ğ¹ Ğ½Ğ°Ğ±Ğ¾Ñ€ Ğ½Ğ¾Ğ²Ğ¸Ñ‡ĞºĞ°,à¹à¸à¹‡à¸à¹€à¸£à¸´à¹ˆà¸¡à¸•à¹‰à¸™à¸ªà¸µà¹à¸”à¸‡à¹à¸¥à¸°à¸ªà¸µà¸Ÿà¹‰à¸²,GÃ³i Khá»Ÿi Äá»™ng Äá» Lam,çº¢è“è¶…å€¼ç¤¼åŒ…,ç´…è—è¶…å€¼ç¦®åŒ…
SNC27,commerce_item_name_rainbow_pack,Rainbow Pack,Regenbogenpaket,Paquete arcoÃ­ris,Pack arc-en-ciel,Paket Pelangi,Pacchetto arcobaleno,è™¹ã‹ã‘ã‚‹ãƒ‘ãƒƒã‚¯,ë¬´ì§€ê°œ íŒ©,Pacote de arco-Ã­ris,Ğ Ğ°Ğ´ÑƒĞ¶Ğ½Ñ‹Ğ¹ Ğ½Ğ°Ğ±Ğ¾Ñ€,à¹à¸à¹‡à¸à¸ªà¸²à¸¢à¸£à¸¸à¹‰à¸‡,GÃ³i Cáº§u Vá»“ng,å½©è™¹ç¤¼åŒ…,å½©è™¹ç¦®åŒ…
SNC28,commerce_item_name_rainbow_rainbowhair,Rainbow Hat,Regenbogenhut,Gorro arcoÃ­ris,Chapeau arc-en-ciel,Topi Pelangi,Cappello arcobaleno,ãƒ¬ã‚¤ãƒ³ãƒœãƒ¼ãƒãƒƒãƒˆ,ë¬´ì§€ê°œ ëª¨ì,ChapÃ©u de arco-Ã­ris,Ğ Ğ°Ğ´ÑƒĞ¶Ğ½Ğ°Ñ ÑˆĞ°Ğ¿ĞºĞ°,à¸«à¸¡à¸§à¸à¸ªà¸²à¸¢à¸£à¸¸à¹‰à¸‡,MÅ© Cáº§u Vá»“ng,å½©è™¹å¸½,å½©è™¹å¸½
SNC29,commerce_item_name_littleprince_scarf,Little Prince Scarf Cape,Prinz-Schal-Umhang,Capa bufanda de El principito,Cape Ã©charpe du Petit Prince,Jubah Syal Pangeran Kecil,Mantello sciarpa del Piccolo Principe ,ç‹å­ã•ã¾ã®è¥Ÿå·»ãã‚±ãƒ¼ãƒ—,ì–´ë¦° ì™•ìì˜ ìŠ¤ì¹´í”„ ë§í† ,Capa de cachecol do Pequeno PrÃ­ncipe,ĞĞ°ĞºĞ¸Ğ´ĞºĞ° Â«Ğ¨Ğ°Ñ€Ñ„ ĞœĞ°Ğ»ĞµĞ½ÑŒĞºĞ¾Ğ³Ğ¾ Ğ¿Ñ€Ğ¸Ğ½Ñ†Ğ°Â»,à¹€à¸ªà¸·à¹‰à¸­à¸„à¸¥à¸¸à¸¡à¸—à¸£à¸‡à¸œà¹‰à¸²à¸à¸±à¸™à¸„à¸­à¹€à¸ˆà¹‰à¸²à¸Šà¸²à¸¢à¸™à¹‰à¸­à¸¢,Ão ChoÃ ng KhÄƒn HoÃ ng Tá»­ BÃ©,å°ç‹å­å›´å·¾æ–—ç¯·,å°ç‹å­åœå·¾æ–—ç¯·
SNC30,commerce_item_name_littleprince_fox,Little Prince Fox,Kleiner Prinz Fuchs,El zorro de El Principito,Le renard du Petit Prince,Rubah Pangeran Kecil,La volpe del Piccolo Principe,ã‚­ãƒ„ãƒã®ãƒªãƒ¥ãƒƒã‚¯,ì–´ë¦° ì™•ìì˜ ì—¬ìš°,A Raposa do PrÃ­ncipe Pequeno,,à¸ˆà¸´à¹‰à¸‡à¸ˆà¸­à¸à¹€à¸ˆà¹‰à¸²à¸Šà¸²à¸¢à¸™à¹‰à¸­à¸¢,CÃ¡o HoÃ ng Tá»­ BÃ©,ç‹ç‹¸èƒŒåŒ…,ç‹ç‹¸èƒŒåŒ…
SNC32,commerce_item_name_littleprince_coat,Little Prince Asteroid Jacket,Prinz-Asteroiden-Jacke,Saco del asteroide de El principito,Veste astÃ©roÃ¯de du Petit Prince,Jaket Asteroid Pangeran Kecil,Giacca asteroide del Piccolo Principe,ç‹å­ã•ã¾ã®å°æƒ‘æ˜Ÿãƒãƒ³ãƒˆ,ì–´ë¦° ì™•ìì˜ ì†Œí–‰ì„± ì™¸íˆ¬,Casaco de asteroide do Pequeno PrÃ­ncipe,ĞĞ°ĞºĞ¸Ğ´ĞºĞ° Â«ĞÑÑ‚ĞµÑ€Ğ¾Ğ¸Ğ´ ĞœĞ°Ğ»ĞµĞ½ÑŒĞºĞ¾Ğ³Ğ¾ Ğ¿Ñ€Ğ¸Ğ½Ñ†Ğ°Â»,à¹€à¸ªà¸·à¹‰à¸­à¹à¸ˆà¹‡à¸„à¹€à¸à¹‡à¸•à¸”à¸²à¸§à¹€à¸ˆà¹‰à¸²à¸Šà¸²à¸¢à¸™à¹‰à¸­à¸¢,Jacket HÃ nh Tinh HoÃ ng Tá»­ BÃ©,å°ç‹å­æ˜Ÿçƒå¤¹å…‹,å°ç‹å­æ˜Ÿçƒå¤¾å…‹
SNC33,commerce_item_name_summer_umbrella_pack,Summer Parasol,Sommer Sonnenschirm,Sombrilla de verano,Ombrelle ensoleillÃ©e,Payung Hari Musim Panas,Ombrellone estivo,å¸¸å¤ãƒ‘ãƒ©ã‚½ãƒ«,ì—¬ë¦„ íŒŒë¼ì†”,Sombrinha Solar,Ğ¡Ğ¾Ğ»Ğ½ĞµÑ‡Ğ½Ñ‹Ğ¹ Ğ·Ğ¾Ğ½Ñ‚Ğ¸Ğº,à¸£à¹ˆà¸¡à¸à¸±à¸™à¹à¸”à¸”à¸¤à¸”à¸¹à¸£à¹‰à¸­à¸™,Ã” NgÃ y HÃ¨,å¤æ—¥é˜³ä¼ç¤¼åŒ…,å¤æ—¥é™½å‚˜ç¦®åŒ…
SNC34,commerce_item_name_summer_hairpin,Summer Seashell Hairpin,Sommer-Muschel-Haarnadel,Horquilla de concha de verano,Barrette coquillage Ã‰tÃ©,Jepit Rambut Kerang Musim Panas,Giorni dâ€™Estate - Forcina per capelli con conchiglie,å¸¸å¤ãƒ˜ã‚¢ãƒ”ãƒ³,ì—¬ë¦„ ì¡°ê°œê»ë°ê¸° í—¤ì–´í•€,Grampo de Concha de VerÃ£o,Ğ›ĞµÑ‚Ğ½ÑÑ ÑˆĞ¿Ğ¸Ğ»ÑŒĞºĞ° Ğ´Ğ»Ñ Ğ²Ğ¾Ğ»Ğ¾Ñ Ğ² Ğ²Ğ¸Ğ´Ğµ Ğ¼Ğ¾Ñ€ÑĞºĞ¾Ğ¹ Ñ€Ğ°ĞºĞ¾Ğ²Ğ¸Ğ½Ñ‹,à¸à¸´à¹Šà¸šà¸«à¸™à¸µà¸šà¸œà¸¡à¹€à¸›à¸¥à¸·à¸­à¸à¸«à¸­à¸¢à¸¤à¸”à¸¹à¸£à¹‰à¸­à¸™,Káº¹p TÃ³c Vá» SÃ² MÃ¹a HÃ¨,å¤æ—¥è´å£³å‘å¤¹,å¤æ—¥è²æ®¼é«®å¤¾
SNC35,commerce_item_name_summerlights_bunny,Moonlight Bunny Accessory,Mondlicht-HÃ¤schen-Schmuck,Accesorio de conejo de luz de luna,Accessoire de Lapin du Clair de Lune,Aksesori Kelinci Cahaya Bulan,Chiaro di Luna - Accessorio coniglio,æœˆç¯ã‚Šå…ã‚¢ã‚¯ã‚»ã‚µãƒªãƒ¼,ë‹¬ë¹› í† ë¼ ì•¡ì„¸ì„œë¦¬,AcessÃ³rio de coelho do luar,Ğ›ÑƒĞ½Ğ½Ñ‹Ğ¹ Ğ°ĞºÑĞµÑÑÑƒĞ°Ñ€-Ğ·Ğ°Ğ¹Ñ‡Ğ¸Ğº,à¸‚à¸­à¸‡à¸›à¸£à¸°à¸”à¸±à¸šà¸à¸£à¸°à¸•à¹ˆà¸²à¸¢à¹à¸ªà¸‡à¸ˆà¸±à¸™à¸—à¸£à¹Œ,Phá»¥ Kiá»‡n Thá» Ãnh TrÄƒng,æœˆå…‰å…”å…”å¤´é¥°,æœˆè¯å…”å­é£¾å“
SNC36,commerce_item_name_mischief_withered_horn,Mischief Withered Antlers,Schalk-Geweih,Astas atrofiadas de travesura,Bois flÃ©tris de la malice,Tanduk Layu Kejahilan,Corna essiccate,ã„ãŸãšã‚‰æ¯ã‚Œæœ¨è§’,ì¥ë‚œê¾¸ëŸ¬ê¸° ì‹œë“  ë¿”,Chifres travessos,ĞĞ·Ğ¾Ñ€Ğ½Ñ‹Ğµ Ğ²Ñ‹ÑĞ¾Ñ…ÑˆĞ¸Ğµ Ñ€Ğ¾Ğ¶ĞºĞ¸,à¹€à¸‚à¸²à¸à¸§à¸²à¸‡à¸£à¹ˆà¸§à¸‡à¹‚à¸£à¸¢à¸‹à¸¸à¸à¸‹à¸™,Gáº¡c HÆ°Æ¡u Halloween,ä¸‡åœ£èŠ‚æ¯èé¹¿è§’,è¬è–æ¯èé¹¿è§’
SNC37,commerce_item_name_mischief_witch_body,Mischief Witch Jumper,Schalk-Hexenpullover,SuÃ©ter de bruja traviesa,Pull de sorciÃ¨re de la malice,Jaket Penyihir Kejahilan,Maglione da strega,ã„ãŸãšã‚‰ã‚¦ã‚£ãƒƒãƒãƒ»ã‚¸ãƒ£ãƒ³ãƒ‘ãƒ¼ã‚¹ã‚«ãƒ¼ãƒˆ,ì¥ë‚œê¾¸ëŸ¬ê¸° ë§ˆë…€ ì í¼,PulÃ´ver de bruxa traquina,ĞĞ·Ğ¾Ñ€Ğ½Ğ¾Ğ¹ Ğ²ĞµĞ´ÑŒĞ¼Ğ¾Ğ²ÑĞºĞ¾Ğ¹ ÑĞ²Ğ¸Ñ‚ĞµÑ€,à¹€à¸ªà¸·à¹‰à¸­à¹„à¸«à¸¡à¸à¸£à¸¡à¹à¸¡à¹ˆà¸¡à¸”à¸‹à¸¸à¸à¸‹à¸™,Ão PhÃ¹ Thá»§y Halloween,ä¸‡åœ£èŠ‚å¥³å·«æœ,è¬è–å¥³å·«æœ
SNC38,commerce_item_name_mischief_spider_hair,Mischief Spider Quiff,Schalk-Spinnenhaartolle,TupÃ© de araÃ±a traviesa,Toupet d'araignÃ©e de la malice,Jambul Laba-laba Kejahilan,Ciuffo con ragnatela,ã„ãŸãšã‚‰ã‚¹ãƒ‘ã‚¤ãƒ€ãƒ¼ãƒ»ãƒ˜ã‚¢,ì¥ë‚œê¾¸ëŸ¬ê¸° ê±°ë¯¸ í—¤ì–´ìŠ¤íƒ€ì¼,Topete aracnÃ­deo traquina,ĞĞ·Ğ¾Ñ€Ğ½Ğ¾Ğ¹ Ğ¿Ğ°ÑƒÑ‡Ğ¸Ğ¹ Ñ‡ÑƒĞ±,à¸›à¸­à¸¢à¸œà¸¡à¹à¸¡à¸‡à¸¡à¸¸à¸¡à¸‹à¸¸à¸à¸‹à¸™,TÃ³c Nhá»‡n Halloween,ä¸‡åœ£èŠ‚èœ˜è››å§‘å¨˜,è¬è–è››ç¶²ç‚«é«®
SNC39,commerce_item_name_mischief_pumpkin_prop,Mischief Pumpkin Prop,Schalk-KÃ¼rbis,Calabaza traviesa de utilerÃ­a,Accessoire citrouille de la malice,Properti Labu Kejahilan,Zucca decorativa,ã„ãŸãšã‚‰ãƒ‘ãƒ³ãƒ—ã‚­ãƒ³ã®ç½®ç‰©,ì¥ë‚œê¾¸ëŸ¬ê¸° í˜¸ë°• ì†Œí’ˆ,AdereÃ§o de abÃ³bora traquina,ĞĞ·Ğ¾Ñ€Ğ½Ñ‹Ğµ Ğ¢Ñ‹ĞºĞ²ĞµĞ½Ğ½Ñ‹Ğµ Ğ´ĞµĞºĞ¾Ñ€Ğ°Ñ†Ğ¸Ğ¸,à¸‚à¸­à¸‡à¸›à¸£à¸°à¸”à¸±à¸šà¸Ÿà¸±à¸à¸—à¸­à¸‡à¸‹à¸¸à¸à¸‹à¸™,BÃ­ NgÃ´ Halloween,ä¸‡åœ£èŠ‚å—ç“œé“å…·,è¬è–å—ç“œé“å…·
SNC40,commerce_item_name_feast_snowglobe,Winter Feast Snowglobe,Winterfest-Schneekugel,Globo de nieve del banquete invernal,Boule Ã  neige fÃªte hivernale,Globe Salju Perjamuan Musim Dingin,Palla di neve della festa invernale,è–ãªã‚‹å†¬ã®ã‚¹ãƒãƒ¼ãƒ‰ãƒ¼ãƒ ,ê²¨ìš¸ ì—°íšŒ ìŠ¤ë…¸ìš°ë³¼,Globo de neve de festa invernal,Ğ¡Ğ½ĞµĞ¶Ğ½Ñ‹Ğ¹ ÑˆĞ°Ñ€ Ğº Ğ·Ğ¸Ğ¼Ğ½Ğ¸Ğ¼ Ğ¿Ñ€Ğ°Ğ·Ğ´Ğ½Ğ¸ĞºĞ°Ğ¼,à¸¥à¸¹à¸à¹à¸à¹‰à¸§à¸«à¸´à¸¡à¸°à¸‡à¸²à¸™à¸‰à¸¥à¸­à¸‡à¸¤à¸”à¸¹à¸«à¸™à¸²à¸§,Cáº§u Tuyáº¿t Lá»… Há»™i MÃ¹a ÄÃ´ng,å†¬æ—¥ç››å®´é›ªæ™¯çƒ,å†¬æ—¥ç››å®´é›ªæ™¯çƒ
SNC41,commerce_item_name_feast_wintereldercape,Winter Ancestor Cape,Vorfahrenwinterumhang,Capa del ancestro invernal,Cape dâ€™ancÃªtre hivernale,Jubah Leluhur Musim Dingin,Mantello invernale dell'Antenata,å†¬ç·¨ã‚€å…ˆç¥–ã®ã‚±ãƒ¼ãƒ—,ê²¨ìš¸ ì„ ì¡° ë§í† ,Capa de inverno do ancestral,Ğ—Ğ¸Ğ¼Ğ½ÑÑ Ğ½Ğ°ĞºĞ¸Ğ´ĞºĞ° Ğ¿Ñ€ĞµĞ´ĞºĞ°,à¹€à¸ªà¸·à¹‰à¸­à¸„à¸¥à¸¸à¸¡à¸šà¸£à¸£à¸à¸Šà¸™à¸¤à¸”à¸¹à¸«à¸™à¸²à¸§,Ão ChoÃ ng Tá»• TiÃªn MÃ¹a ÄÃ´ng,å†¬æ—¥å…ˆç¥–æ–—ç¯·,å†¬æ—¥å…ˆç¥–æ–—ç¯·
SNC42,commerce_item_name_feast_snowflakepin,Snowflake Hair Accessory,Schneeflocken-Haarschmuck,Accesorio para el cabello de copo de nieve,Accessoire pour cheveux flocon de neige,Aksesori Rambut Kepingan Salju,Fermaglio fiocco di neve,è–ãªã‚‹é›ªèŠ±ã‚¢ã‚¯ã‚»ã‚µãƒªãƒ¼,ëˆˆì†¡ì´ ì•¡ì„¸ì„œë¦¬,AcessÃ³rio de cabelo de floco de neve,Ğ‘Ñ€Ğ¾ÑˆĞºĞ°-ÑĞ½ĞµĞ¶Ğ¸Ğ½ĞºĞ° Ğ´Ğ»Ñ Ğ²Ğ¾Ğ»Ğ¾Ñ,à¸‚à¸­à¸‡à¸›à¸£à¸°à¸”à¸±à¸šà¸œà¸¡à¹€à¸à¸¥à¹‡à¸”à¸«à¸´à¸¡à¸°,CÃ i Äáº§u Hoa Tuyáº¿t,é›ªèŠ±å¤´é¥°,é›ªèŠ±é ­é£¾
SNC43,commerce_item_name_fortune_carp,Days of Fortune Fish Accessory,,Accesorio de pez de los dÃ­as de la buena fortuna,Accessoire poisson des Jours de chance,Aksesori Ikan Hari Keberuntungan,Pesciolino dei Giorni della Buona Stella,æ¥ç¦ã®å°é­šã‚¢ã‚¯ã‚»ã‚µãƒªãƒ¼,í–‰ë³µì˜ ë‚  ë¬¼ê³ ê¸° ì•¡ì„¸ì„œë¦¬,AcessÃ³rio de Peixe dos Dias de Felicidade,Ğ‘Ñ€Ğ¾ÑˆĞºĞ° Ñ Ñ€Ñ‹Ğ±ĞºĞ¾Ğ¹ Ğº Ğ”Ğ½ÑĞ¼ ÑƒĞ´Ğ°Ñ‡Ğ¸,à¸‚à¸­à¸‡à¸›à¸£à¸°à¸”à¸±à¸šà¸£à¸¹à¸›à¸›à¸¥à¸²à¸§à¸±à¸™à¹à¸«à¹ˆà¸‡à¹‚à¸Šà¸„à¸¥à¸²à¸ ,Trang Sá»©c CÃ¡ May Máº¯n,å¹¸è¿èŠ‚é±¼é¥°å“,å¹¸é‹ç¯€é­šå…’é ­é£¾
SNC44,commerce_item_name_fortune_carppack,Days of Fortune Fish Pack,,Paquete del pez de los dÃ­as de la buena fortuna,Pack poisson des Jours de chance,Paket Ikan Hari Keberuntungan,Pacchetto pesciolino dei Giorni della Buona Stella,æ¥ç¦ã®é­šãƒ‘ãƒƒã‚¯,í–‰ë³µì˜ ë‚  ë¬¼ê³ ê¸° íŒ©,Pacote de Peixe dos Dias de Felicidade,Ğ Ñ‹Ğ±Ğ½Ñ‹Ğ¹ Ğ½Ğ°Ğ±Ğ¾Ñ€ Ğº Ğ”Ğ½ÑĞ¼ ÑƒĞ´Ğ°Ñ‡Ğ¸,à¹à¸à¹‡à¸à¸›à¸¥à¸²à¸§à¸±à¸™à¹à¸«à¹ˆà¸‡à¹‚à¸Šà¸„à¸¥à¸²à¸ ,GÃ³i CÃ¡ May Máº¯n,å¹¸è¿èŠ‚é±¼ç¤¼åŒ…,å¹¸é‹ç¯€é­šå…’ç¦®åŒ…
SNC45,commerce_item_name_love_gondola,Days of Love Gondola Pack,,Paquete de la gÃ³ndola de los dÃ­as del amor,Pack gondole des Jours de l'amour,Paket Gondola Hari Kasih,Pacchetto gondola dei Giorni dell'Amore,æ„›ã—ã¿ã®ã‚´ãƒ³ãƒ‰ãƒ©ãƒ‘ãƒƒã‚¯,ì‚¬ë‘ì˜ ë‚  ê³¤ëŒë¼ íŒ©,Pacote de GÃ´ndola dos Dias de Amor,ĞĞ°Ğ±Ğ¾Ñ€ Ñ Ğ³Ğ¾Ğ½Ğ´Ğ¾Ğ»Ğ¾Ğ¹ Ğº Ğ”Ğ½ÑĞ¼ Ğ»ÑĞ±Ğ²Ğ¸,à¹à¸à¹‡à¸à¹€à¸£à¸·à¸­à¸à¸­à¸™à¹‚à¸”à¸¥à¸²à¸§à¸±à¸™à¹à¸«à¹ˆà¸‡à¸„à¸§à¸²à¸¡à¸£à¸±à¸,GÃ³i Gondola NgÃ y TÃ¬nh YÃªu,çˆ±ä¹‹åº†å…¸è´¡å¤šæ‹‰ç¤¼åŒ…,æ„›ä¹‹æ…¶å…¸å°èˆ¹ç¦®åŒ…
SNC46,commerce_item_name_bloom_wisteriatable,Purple Bloom Teaset,Lila BlÃ¼ten-Teeservice,Juego de tÃ© de floraciÃ³n morada,Service Ã  thÃ© fleuri violet,Set Teh Bermekaran Ungu,Servizio da tÃ¨ fiorito viola,èŠ±ç¬‘ã‚€ãƒ‘ãƒ¼ãƒ—ãƒ«ã®ãƒ†ã‚£ãƒ¼ã‚»ãƒƒãƒˆ,ë³´ë¼ìƒ‰ ê½ƒë†€ì´ í‹°í…Œì´ë¸”,Conjunto de ChÃ¡ do Florescer Roxo,Ğ¤Ğ¸Ğ¾Ğ»ĞµÑ‚Ğ¾Ğ²Ñ‹Ğ¹ Ñ‡Ğ°Ğ¹Ğ½Ñ‹Ğ¹ ÑĞµÑ€Ğ²Ğ¸Ğ·,à¸Šà¸¸à¸”à¸™à¹‰à¸³à¸Šà¸²à¹€à¸šà¹ˆà¸‡à¸šà¸²à¸™à¸ªà¸µà¸¡à¹ˆà¸§à¸‡,Bá»™ TrÃ  Ná»Ÿ Rá»™ TÃ­m,ç´«ä¹‹ç»½æ”¾èŒ¶å…·,ç´«ä¹‹ç¶»æ”¾èŒ¶å…·
SNC47,commerce_item_name_nature_turtlepack,Nature Turtle Pack,Natur-SchildkrÃ¶tenpaket,Paquete tortuga natural,Pack tortue de la nature,Paket Penyu Alam,Pacchetto tartaruga natura,è‡ªç„¶ã®ã‚¦ãƒŸã‚¬ãƒ¡ãƒ‘ãƒƒã‚¯,ìì—°ì˜ ê±°ë¶ íŒ©,Pacote Tartaruga da Natureza,ĞĞ°Ğ±Ğ¾Ñ€ Â«Ğ§ĞµÑ€ĞµĞ¿Ğ°Ñ…Ğ°Â»,à¹à¸à¹‡à¸à¹€à¸•à¹ˆà¸²à¸˜à¸£à¸£à¸¡à¸Šà¸²à¸•à¸´,GÃ³i RÃ¹a ThiÃªn NhiÃªn,è‡ªç„¶èŠ‚æµ·é¾Ÿç¤¼åŒ…,è‡ªç„¶ç¯€æµ·é¾œç¦®åŒ…
SNC48,commerce_item_name_nature_turtlewing,Nature Turtle Cape,Natur-SchildkrÃ¶tenumhang,Capa de tortuga natural,Cape tortue de la nature,Jubah Penyu Alam,Mantello tartaruga natura,è‡ªç„¶ã®ã‚¦ãƒŸã‚¬ãƒ¡ã‚±ãƒ¼ãƒ—,ìì—°ì˜ ê±°ë¶ ë§í† ,Capa Tartaruga da Natureza,ĞĞ°ĞºĞ¸Ğ´ĞºĞ° Â«Ğ§ĞµÑ€ĞµĞ¿Ğ°Ñ…Ğ°Â»,à¹€à¸ªà¸·à¹‰à¸­à¸„à¸¥à¸¸à¸¡à¹€à¸•à¹ˆà¸²à¸˜à¸£à¸£à¸¡à¸Šà¸²à¸•à¸´,Ão ChoÃ ng RÃ¹a ThiÃªn NhiÃªn,æµ·é¾Ÿæ–—ç¯·,æµ·é¾œæ–—ç¯·
SNC49,commerce_item_name_rainbow_earring,Rainbow Earring,Regenbogenohrring,Aro arcoÃ­ris,Boucle d'oreille arc-en-ciel,Anting-anting Pelangi,Orecchino arcobaleno,è™¹ã‹ã‘ã‚‹è€³é£¾ã‚Š,ë¬´ì§€ê°œ ê·€ê±¸ì´,Brinco de Arco-Ã­ris,Ğ Ğ°Ğ´ÑƒĞ¶Ğ½Ğ°Ñ ÑĞµÑ€ĞµĞ¶ĞºĞ°,à¸•à¹ˆà¸²à¸‡à¸«à¸¹à¸ªà¸²à¸¢à¸£à¸¸à¹‰à¸‡,KhuyÃªn Tai Cáº§u Vá»“ng,å½©è™¹è€³ç¯,å½©è™¹è€³ç’°
SNC51,commerce_item_name_musicshop_handpan,Triumph Handpan,Triumphhandpauke,Handpan del triunfo,Tambour Ã  languette du triomphe,Handpan Kejayaan,Handpan del trionfo,å‡±æ—‹ã®ãƒãƒ³ãƒ‰ãƒ‘ãƒ³,ìŠ¹ë¦¬ì˜ í•¸ë“œíŒ¬,Handpan do Triunfo,Ğ¥Ğ°Ğ½Ğ³ Ñ‚Ñ€Ğ¸ÑƒĞ¼Ñ„Ğ°,à¹à¸®à¸™à¸”à¹Œà¹à¸à¸™à¹à¸«à¹ˆà¸‡à¸Šà¸±à¸¢à¸Šà¸™à¸°,Trá»‘ng Tay Chiáº¿n Tháº¯ng,èƒœåˆ©æ‰‹ç¢Ÿ,å‡±æ—‹æ‰‹ç¢Ÿ
SNC54,commerce_item_name_tgc_guitar,TGC Guitar Pack,TGC Gitarrenpaket,Paquete de Guitarras TGC,Pack guitare TGC,Paket Gitar TGC,Pacchetto di chitarre TGC,TGCã‚®ã‚¿ãƒ¼ãƒ‘ãƒƒã‚¯,TGC ê¸°íƒ€ íŒ©,Pacote de Guitarra TGC,Ğ“Ğ¸Ñ‚Ğ°Ñ€Ğ½Ñ‹Ğ¹ Ğ½Ğ°Ğ±Ğ¾Ñ€ TGC,à¹à¸à¹‡à¸à¸à¸µà¸•à¸²à¸£à¹Œ TGC,GÃ³i Ä‘Ã n guitar TGC,TGCå‰ä»–ç¤¼åŒ…,TGCå‰ä»–ç¦®åŒ…
SNC55,commerce_item_name_rainbow_pack2,Double Rainbow Pack,Doppel-Regenbogenpaket,Paquete doble de arcoÃ­ris,Pack double arc-en-ciel,Paket Pelangi Ganda,Pacchetto arcobaleno doppio,ãµãŸãˆã®è™¹ã‹ã‘ã‚‹ãƒ‘ãƒƒã‚¯,ë”ë¸” ë¬´ì§€ê°œ íŒ©,Pacote de Arco-Ã­ris Duplo,Ğ”Ğ²Ğ¾Ğ¹Ğ½Ğ¾Ğ¹ Ñ€Ğ°Ğ´ÑƒĞ¶Ğ½Ñ‹Ğ¹ Ğ½Ğ°Ğ±Ğ¾Ñ€,à¹à¸à¹‡à¸à¸ªà¸²à¸¢à¸£à¸¸à¹‰à¸‡à¸„à¸¹à¹ˆ,GÃ³i Cáº§u Vá»“ng ÄÃ´i,åŒå€å½©è™¹ç¤¼åŒ…,é›™å½©è™¹ç¦®åŒ…
SNC56,commerce_item_name_musicshop_guitar,Rhythm Guitar,Rhythmusgitarre,Guitarra RÃ­tmica,Guitare rythmique,Guitar Ritme,Chitarra Ritmica,å¾‹å‹•ã®ã‚®ã‚¿ãƒ¼,ë¦¬ë“¬ì˜ ê¸°íƒ€,Guitarra RÃ­tmica,Ğ Ğ¸Ñ‚Ğ¼-Ğ³Ğ¸Ñ‚Ğ°Ñ€Ğ°\n,à¸à¸µà¸•à¸²à¸£à¹Œà¹à¸«à¹ˆà¸‡à¸—à¹ˆà¸§à¸‡à¸—à¸³à¸™à¸­à¸‡,Guitar nhá»‹p Ä‘iá»‡u,éŸ³éŸµå‰ä»–,éŸ³éŸ»å‰ä»–
SNC57,commerce_item_name_musicshop_harp,Fledgling Harp,Junge Harfe,Harpa Incipiente,Harpe de novice,Harpa Pemula,Arpa di uccellino,å·£ç«‹ã¡ã®ãƒãƒ¼ãƒ—,ì´ˆë³´ì í•˜í”„,Harpa Iniciante,ĞœĞ¸Ğ½Ğ¸ Ğ°Ñ€Ñ„Ğ°,à¸à¸´à¸“à¸¡à¸·à¸­à¹ƒà¸«à¸¡à¹ˆ,ÄÃ n háº¡c tráº» em,é›é¸Ÿä¹‹ç´,é››é³¥ä¹‹ç´
SNC58,commerce_item_name_rainbow_headphones,Rainbow Headphones,Regenbogen-KopfhÃ¶rer,Auriculares arcoÃ­ris,Ã‰couteurs Arc-en-ciel,Headphone Pelangi,Cuffie arcobaleno,è™¹ã‹ã‘ã‚‹ãƒ˜ãƒƒãƒ‰ãƒ›ãƒ³,ë¬´ì§€ê°œ í—¤ë“œí°,Fones de Ouvido Arco-Ã­ris,Ğ Ğ°Ğ´ÑƒĞ¶Ğ½Ñ‹Ğµ Ğ½Ğ°ÑƒÑˆĞ½Ğ¸ĞºĞ¸,à¸«à¸¹à¸Ÿà¸±à¸‡à¸ªà¸²à¸¢à¸£à¸¸à¹‰à¸‡,Tai Nghe Cáº§u Vá»“ng,å½©è™¹è€³æœº,å½©è™¹è€³æ©Ÿ
SNC59,commerce_item_name_summer_marshmallow,Sunlight Campfire Snack Kit,Sonnenlicht-Lagerfeuer-Snackset,Conjunto de refrigerio de campamento de luz solar,Friandises au coin du feu Soleil,Kit Camilan Api Unggun Sinar Matahari,Giorni Solari - Kit per spuntino da campeggio,é™½å…‰ã‚­ãƒ£ãƒ³ãƒ—ãƒ•ã‚¡ã‚¤ãƒ¤ãƒ¼ãŠã‚„ã¤ã‚­ãƒƒãƒˆ,í–‡ë¹› ìº í”„íŒŒì´ì–´ ê°„ì‹ ì„¸íŠ¸,Kit de Lanchinhos de Fogueira Ensolarado,ĞŸĞ°ĞºĞµÑ‚ ÑĞ½ĞµĞºĞ¾Ğ² Ğ¡Ğ¾Ğ»Ğ½ĞµÑ‡Ğ½Ğ¾Ğ³Ğ¾ ÑĞ²ĞµÑ‚Ğ° Ğ´Ğ»Ñ ĞºĞ¾ÑÑ‚Ñ€Ğ°,à¸Šà¸¸à¸”à¸‚à¸­à¸‡à¸§à¹ˆà¸²à¸‡à¹à¸„à¸¡à¸›à¹Œà¹„à¸Ÿà¸§à¸±à¸™à¹à¸«à¹ˆà¸‡à¹à¸ªà¸‡à¹à¸”à¸”,Bá»™ Snack Lá»­a Tráº¡i Ãnh Náº¯ng,é˜³å…‰ç¯ç«å°åƒå¥—ä»¶,é™½å…‰ç‡Ÿç«é›¶å˜´å¥—çµ„
SNC60,commerce_item_name_summer_jelly,Sunlight Jelly Shoulder Buddy,Sonnenlicht-Quallenschulterfreund,Peluche de medusa de luz solar,MÃ©duse dâ€™Ã©paule Soleil,Sobat Bahu Jeli Sinar Matahari,Giorni Solari - Peluche da spalla,é™½å…‰ã®è‚©ä¹—ã‚Šæµ·æœˆ,í–‡ë¹› ì–´ê¹¨ ìœ„ í•´íŒŒë¦¬,Aguinha-viva de Ombro Ensolarada,ĞœĞµĞ´ÑƒĞ·Ğ°-ĞºĞ¾Ğ¼Ğ¿Ğ°Ğ½ÑŒĞ¾Ğ½ Ğ¡Ğ¾Ğ»Ğ½ĞµÑ‡Ğ½Ğ¾Ğ³Ğ¾ ÑĞ²ĞµÑ‚Ğ°,à¸ªà¸«à¸²à¸¢à¹à¸¡à¸‡à¸à¸°à¸à¸£à¸¸à¸™à¸•à¸´à¸”à¹„à¸«à¸¥à¹ˆà¸§à¸±à¸™à¹à¸«à¹ˆà¸‡à¹à¸ªà¸‡à¹à¸”à¸”,Báº¡n Sá»©a Ãnh Náº¯ng,é˜³å…‰æ°´æ¯æ­è‚©å°ä¼™ä¼´,é™½å…‰æ°´æ¯æ­è‚©å°å¤¥ä¼´
SNC61,commerce_item_name_mischief_catcostume,Cat Costume Pack,KostÃ¼mpaket: Katze,Paquete de disfraz de gato,Pack Costume de chat,Paket Kostum Kucing,Pacchetto costume da gatto,çŒ«ã­ã“ãƒ‘ãƒƒã‚¯,ê³ ì–‘ì´ ì˜ìƒ íŒ©,Pacote de traje de gato,ĞĞ°Ğ±Ğ¾Ñ€ Â«ĞšĞ¾ÑˆĞ°Ñ‡Ğ¸Ğ¹ ĞºĞ¾ÑÑ‚ÑĞ¼Â»,à¹à¸à¹‡à¸à¸Šà¸¸à¸”à¸„à¸­à¸ªà¸•à¸¹à¸¡à¹à¸¡à¸§,GÃ³i Trang Phá»¥c MÃ¨o,çŒ«å’ªæœè£…ç¤¼åŒ…,è²“å’ªè£æ‰®ç¦®åŒ…
SNC62,commerce_item_name_mischief_catprop,Feline Familiar Prop,Dekorationsgegenstand â€Vertraute Katzeâ€œ,Familiar felino de utilerÃ­a,Accessoire familier fÃ©lin,Properti Familiar Kucing,Famiglio felino,çŒ«ã®ä½¿ã„é­”,ê³ ì–‘ì´ íŒ¨ë°€ë¦¬ì–´ ì†Œí’ˆ,AdereÃ§o de familiar felino,ĞŸÑ€ĞµĞ´Ğ¼ĞµÑ‚ Â«Ğ£ÑĞ°Ñ‚Ñ‹Ğ¹ ÑĞ¿ÑƒÑ‚Ğ½Ğ¸ĞºÂ»,à¸‚à¸­à¸‡à¸•à¸à¹à¸•à¹ˆà¸‡à¹€à¸à¸·à¹ˆà¸­à¸™à¹à¸¡à¸§à¹€à¸«à¸¡à¸µà¸¢à¸§,Váº­t Pháº©m Meo Meo ThÃ¢n Thuá»™c,çŒ«å’ªä½¿é­”é“å…·,è²“å’ªä½¿é­”é“å…·
SNC63,commerce_item_name_aurora_hair_accessory,Tiara We Can Touch,Tiara zum Anfassen,Tiara que podemos tocar,DiadÃ¨me qu'on peut toucher,Tiara yang Boleh Disentuh,Tiara dorata,ãƒ†ã‚£ã‚¢ãƒ©ãƒ»ã‚¦ã‚£ãƒ¼ãƒ»ã‚­ãƒ£ãƒ³ãƒ»ã‚¿ãƒƒãƒ,ë§Œì§ˆ ìˆ˜ ìˆëŠ” í‹°ì•„ë¼,Tiara We Can Touch,Ğ¡Ğ²ÑÑ‰ĞµĞ½Ğ½Ğ°Ñ Ñ‚Ğ¸Ğ°Ñ€Ğ°,à¸¡à¸‡à¸à¸¸à¸à¸—à¸µà¹ˆà¹€à¸£à¸²à¸ªà¸±à¸¡à¸œà¸±à¸ªà¹„à¸”à¹‰,VÆ°Æ¡ng Miá»‡n Cháº¡m Tay,æˆ‘ä»¬å¯è§¦æ‘¸çš„å† å†•,æˆ‘å€‘å¯ä»¥è§¸ç¢°çš„é ­å† 
SNC64,commerce_item_name_aurora_runaway_hair,Runaway Hair,AusreiÃŸerin-Frisur,Cabello Runaway,Coiffure Fugue,Rambut Runaway,Capelli Correre via,ãƒ©ãƒ³ãƒŠã‚¦ã‚§ã‚¤ãƒ»ãƒ˜ã‚¢,ã€ˆë„ë§ìã€‰ í—¤ì–´ìŠ¤íƒ€ì¼,Cabelo Runaway,Runway Ğ¿Ñ€Ğ¸Ñ‡ĞµÑĞºĞ°,à¸—à¸£à¸‡à¸œà¸¡à¸§à¸´à¹ˆà¸‡à¸«à¸¥à¸šà¸«à¸™à¸µ,TÃ³c Trá»‘n Cháº¡y,Runaway å‘å‹,Runaway é«®å‹
SNC65,commerce_item_name_aurora_instrument,Voice of AURORA,Stimme von AURORA,Voz de AURORA,Voix d'AURORA,Suara AURORA,Voce di AURORA,AURORAã®å£°,AURORAì˜ ëª©ì†Œë¦¬,Voz da AURORA,Ğ“Ğ¾Ğ»Ğ¾Ñ AURORA,à¹€à¸ªà¸µà¸¢à¸‡à¸‚à¸­à¸‡ AURORA,Giá»ng NÃ³i AURORA,AURORAçš„æ­Œå£°,AURORAçš„æ­Œè²
SNC66,commerce_item_name_aurora_orangedress,To The Love Outfit,â€To The Loveâ€œ-Umhang,Traje al amor,Tenue To The Love,Untuk Pakaian Cinta,Costume To The Love,ãƒˆã‚¥ãƒ»ã‚¶ãƒ»ãƒ©ãƒ–ãƒ»ã‚¢ã‚¦ãƒˆãƒ•ã‚£ãƒƒãƒˆ,ã€ˆì‚¬ë‘ì„ í–¥í•œã€‰ ì˜ìƒ,Traje Ao Amor,ĞšĞ¾ÑÑ‚ÑĞ¼ To The Love,à¸Šà¸¸à¸”à¹€à¸ªà¸·à¹‰à¸­à¸œà¹‰à¸²à¸¡à¸¸à¹ˆà¸‡à¸ªà¸¹à¹ˆà¸£à¸±à¸,Trang Phá»¥c To The Love,çŒ®ç»™çˆ±çš„è£™è£…,ç»çµ¦æ„›çš„è£™è£
SNC67,commerce_item_name_aurora_orangecape,Giving In Cape,â€Giving Inâ€œ-Umhang,Capa de rendiciÃ³n,Cape Giving In,Jubah Berserah,Mantello Giving In,ã‚®ãƒ“ãƒ³ã‚°ãƒ»ã‚¤ãƒ³ãƒ»ã‚±ãƒ¼ãƒ—,ã€ˆìµœí›„ì˜ í•­ë³µã€‰ ë§í† ,Capa da RendiÃ§Ã£o,ĞĞ°ĞºĞ¸Ğ´ĞºĞ° Giving In,à¹€à¸ªà¸·à¹‰à¸­à¸„à¸¥à¸¸à¸¡à¸¢à¸´à¸™à¸¢à¸­à¸¡,Ão ChoÃ ng Give In,è‡£æœæ–—ç¯·,è‡£æœæ–—ç¯·
SNC68,commerce_item_name_aurora_cape,Wings of AURORA,FlÃ¼gel von AURORA,Alas de AURORA,Ailes d'AURORA,Sayap AURORA,Ali di AURORA,AURORAã®ç¾½,AURORAì˜ ë‚ ê°œ,Asas da AURORA,ĞšÑ€Ñ‹Ğ»ÑŒÑ AURORA,à¸›à¸µà¸à¸‚à¸­à¸‡ AURORA,CÃ¡nh AURORA,AURORAä¹‹ç¿¼,AURORAä¹‹ç¿¼
SNC69,commerce_item_name_aurora_runaway_body,Runaway Outfit,AusreiÃŸerin-Outfit,Traje Runaway,Ensemble Fugue,Pakaian Runaway,Costume Correre via,ãƒ©ãƒ³ãƒŠã‚¦ã‚§ã‚¤ãƒ»ãƒ‰ãƒ¬ã‚¹,ã€ˆë„ë§ìã€‰ ì˜ìƒ,Traje Runaway,Runway ĞºĞ¾ÑÑ‚ÑĞ¼,à¸Šà¸¸à¸”à¹€à¸ªà¸·à¹‰à¸­à¸œà¹‰à¸²à¸§à¸´à¹ˆà¸‡à¸«à¸¥à¸šà¸«à¸™à¸µ,Trang phá»¥c Trá»‘n Cháº¡y,Runaway å¥—è£…,Runaway å¥—è£
SNC70,commerce_item_name_sony_redtraveler_pack,Journey Pack,Journey-Paket,Paquete de Journey,Pack Journey,Paket Perjalanan,Pacchetto Journey,é¢¨ãƒæ—…ãƒ“ãƒˆãƒ‘ãƒƒã‚¯,ã€ˆJourneyã€‰ íŒ©,Pacote Journey,ĞĞ°Ğ±Ğ¾Ñ€ Journey,à¹à¸à¹‡à¸ Journey,GÃ³i Journey,ã€Šé£ä¹‹æ—…äººã€‹ç¤¼åŒ…,ã€Šé¢¨ä¹‹æ—…äººã€‹ç¦®åŒ…
SNC71,commerce_item_name_sony_whitetraveler_pack,Transcendent Journey Pack,Ãœberweltliches Journey-Paket,Paquete extraordinario de Journey,Pack Transcendant Journey,Paket Perjalanan Lainnya,Pacchetto Journey trascendente,è¶…è¶Šã›ã—é¢¨ãƒæ—…ãƒ“ãƒˆãƒ‘ãƒƒã‚¯,ì´ˆì›”ì˜ Journey íŒ©,Pacote Transcendente Journey,ĞĞ°Ğ±Ğ¾Ñ€ Transcendent Journey,à¹à¸à¹‡à¸ Journey à¹€à¸«à¸™à¸·à¸­à¸˜à¸£à¸£à¸¡à¸Šà¸²à¸•à¸´,GÃ³i HÃ nh TrÃ¬nh SiÃªu Viá»‡t,è¶…å‡¡ã€Šé£ä¹‹æ—…äººã€‹ç¤¼åŒ…,è¶…å‡¡ã€Šé¢¨ä¹‹æ—…äººã€‹ç¦®åŒ…
SNC73,commerce_item_name_feast_ballgame,Tournament Skyball Set,Feast-Skyball-Set,Conjunto de las festividades del Skybol,Ensemble de fÃªte Skyball,Set Skyball Perjamuan,Set Skycalcio dei Giorni di Festa,Skyãƒœãƒ¼ãƒ«ãƒ»ãƒˆãƒ¼ãƒŠãƒ¡ãƒ³ãƒˆã‚»ãƒƒãƒˆ,Sky ê³µë†€ì´ ê²½ê¸° ì„¸íŠ¸,Conjunto Banquete de FuteSky,ĞĞ°Ğ±Ğ¾Ñ€ Feast Ğ´Ğ»Ñ ÑĞºĞ°Ğ¹Ğ±Ğ¾Ğ»Ğ°,à¸Šà¸¸à¸”à¸—à¸±à¸§à¸£à¹Œà¸™à¸²à¹€à¸¡à¸™à¸•à¹Œà¸ªà¸à¸²à¸¢à¸šà¸­à¸¥,Bá»™ ThiÃªn Cáº§u Yáº¿n Há»™i,å…‰é‡çƒèµ›å¥—è£…,å…‰é‡çƒè³½å¥—çµ„
SNC74,commerce_item_name_fortune_umbrella,Days of Fortune Enchanted Umbrella,â€Tage des GlÃ¼cksâ€œ Verzauberter Regenschirm,Paraguas encantado de los dÃ­as de la buena fortuna,Ombrelle enchantÃ©e des Jours de chance,Payung Ajaib Hari Keberuntungan,Ombrello incantato dei Giorni della Buona Stella,æ¥ç¦ã®é­”æ³•å‚˜,í–‰ë³µì˜ ë‚  ë§ˆë²•ì˜ ìš°ì‚°,Guarda-chuva Encantado dos Dias de Felicidade,Ğ—Ğ°ĞºĞ¾Ğ»Ğ´Ğ¾Ğ²Ğ°Ğ½Ğ½Ñ‹Ğ¹ Ğ·Ğ¾Ğ½Ñ‚ Ğº Ğ”Ğ½ÑĞ¼ Ğ£Ğ´Ğ°Ñ‡Ğ¸,à¸£à¹ˆà¸¡à¸¡à¸™à¸•à¹Œà¹€à¸ªà¸™à¹ˆà¸«à¹Œà¸§à¸±à¸™à¹à¸«à¹ˆà¸‡à¹‚à¸Šà¸„à¸¥à¸²à¸ ,Ã” MÃª Hoáº·c NgÃ y May Máº¯n,å¹¸è¿èŠ‚é­”æ³•ä¼,å¹¸é‹ç¯€é™„é­”é›¨å‚˜
SNC75,commerce_item_name_fortune_muralist,Days of Fortune Muralist's Smock,â€Tage des GlÃ¼cksâ€œ Wandmaler-Kittel,Guardapolvo de muralista de los dÃ­as de la buena fortuna,Blouse de muraliste des Jours de chance,Smock Muralis Hari Keberuntungan,Grembiule da muralista dei Giorni della Buona Stella,æ¥ç¦ã®å£çµµå¸«ã‚¹ãƒ¢ãƒƒã‚¯,í–‰ë³µì˜ ë‚  ë²½í™”ê°€ì˜ ì‘ì—…ë³µ,Bata de Muralista dos Dias de Felicidade,Ğ¡Ğ¾Ñ€Ğ¾Ñ‡ĞºĞ° ÑÑ‚ĞµĞ½Ğ¾Ğ¿Ğ¸ÑÑ†Ğ° Ğº Ğ”Ğ½ÑĞ¼ Ğ£Ğ´Ğ°Ñ‡Ğ¸,à¹€à¸ªà¸·à¹‰à¸­à¹€à¸­à¸µà¹Šà¸¢à¸¡à¸ˆà¸´à¸•à¸£à¸à¸£à¸à¸²à¸œà¸™à¸±à¸‡à¸§à¸±à¸™à¹à¸«à¹ˆà¸‡à¹‚à¸Šà¸„à¸¥à¸²à¸ ,Muralist VÃ¡y Yáº¿m NgÃ y May Máº¯n,å¹¸è¿èŠ‚å£ç”»å®¶ç½©è¡«,å¹¸é‹ç¯€å£ç•«å®¶ç½©è¡«
SNC76,commerce_item_name_feast_furcape,Cozy Hermit Cape,GemÃ¼tlicher Einsiedler-Umhang,Capa del ermitaÃ±o acogedor,Cape d'ermite douillette,Jubah Pertapa yang Nyaman,Accogliente mantello da eremita,éš è€…ã®ã¬ãã‚‚ã‚Šã‚±ãƒ¼ãƒ—,í¬ê·¼í•œ ì€ë‘”ì ë§í† ,Capa ConfortÃ¡vel do IÃ©ti,Ğ£ÑÑ‚Ğ½Ğ°Ñ Ğ½Ğ°ĞºĞ¸Ğ´ĞºĞ° Ğ¾Ñ‚ÑˆĞµĞ»ÑŒĞ½Ğ¸ĞºĞ°,à¹€à¸ªà¸·à¹‰à¸­à¸„à¸¥à¸¸à¸¡à¸™à¸±à¸à¸šà¸§à¸Šà¹à¸ªà¸™à¸ªà¸šà¸²à¸¢,Ão ChoÃ ng áº¨n SÄ© áº¤m Ãp,æš–æ´‹æ´‹é›ªæ€ªæ–—ç¯·,æš–æ´‹æ´‹é›ªæ€ªæ–—ç¯·
SNC77,commerce_item_name_love_heartstaff,Days of Love Serendipitous Scepter,â€Tage der Liebeâ€œ Zepter der GlÃ¼ckseligkeit,Cetro afortunado de los dÃ­as de amor,Sceptre sensationnel des Jours de l'amour,Tongkat Kemujuran Hari Kasih,Scettro fortuito dei Giorni dell'Amore,æ„›ã—ã¿ã®å¹¸ã›ã‚¹ãƒ†ãƒƒã‚­,ì‚¬ë‘ì˜ ë‚  ìš°ì—°ì˜ ì§€íŒ¡ì´,Cetro Bem-aventurado dos Dias de Amor,Ğ¡ĞºĞ°Ğ·Ğ¾Ñ‡Ğ½Ñ‹Ğ¹ ÑĞºĞ¸Ğ¿ĞµÑ‚Ñ€ Ğº Ğ”Ğ½ÑĞ¼ Ğ›ÑĞ±Ğ²Ğ¸,à¸„à¸—à¸²à¸à¸²à¸™à¸à¸šà¸£à¸±à¸à¸§à¸±à¸™à¹à¸«à¹ˆà¸‡à¸„à¸§à¸²à¸¡à¸£à¸±à¸,Quyá»n TrÆ°á»£ng May Máº¯n NgÃ y TÃ¬nh YÃªu,çˆ±ä¹‹åº†å…¸èŠ‚é‚‚é€…æƒæ–,æ„›ä¹‹æ…¶å…¸é©šå–œæ¬Šæ–
SNC79,commerce_item_name_love_bow,Days of Love Classy Cravat,â€Tage der Liebeâ€œ Edles Halstuch,Elegante paÃ±uelo de los dÃ­as de amor,Foulard classique des Jours de l'amour,Dasi Berkelas Hari Kasih,Fiocco elegante dei Giorni dell'Amore,æ„›ã—ã¿ã®è£…ã„ã‚¯ãƒ©ãƒãƒƒãƒˆ,ì‚¬ë‘ì˜ ë‚  í´ë˜ì‹ í¬ë¼ë°”íŠ¸,Gravata Elegante dos Dias de Amor,Ğ˜Ğ·Ñ‹ÑĞºĞ°Ğ½Ğ½Ñ‹Ğ¹ Ğ³Ğ°Ğ»ÑÑ‚ÑƒĞº-Ğ±Ğ°Ğ±Ğ¾Ñ‡ĞºĞ° Ğº Ğ”Ğ½ÑĞ¼ Ğ›ÑĞ±Ğ²Ğ¸,à¸œà¹‰à¸²à¸à¸±à¸™à¸„à¸­à¸—à¸µà¹ˆà¸¡à¸µà¸£à¸°à¸”à¸±à¸šà¸§à¸±à¸™à¹à¸«à¹ˆà¸‡à¸„à¸§à¸²à¸¡à¸£à¸±à¸,Cravat Sang Trá»ng NgÃ y TÃ¬nh YÃªu,çˆ±ä¹‹åº†å…¸èŠ‚ä¼˜é›…é¢†ç»“,æ„›ä¹‹æ…¶å…¸æ™‚é«¦é ˜å·¾
SNC80,commerce_item_name_bloom_picnicblanket,Bloom Picnic Basket,BlÃ¼tenpicknickkorb,Cesta de pÃ­cnic en flor,Panier Ã  pique-nique de la floraison,Keranjang Piknik Bermekaran,Cestino fiorito da picnic,èŠ±ç¬‘ã‚€ãƒ”ã‚¯ãƒ‹ãƒƒã‚¯ãƒã‚¹ã‚±ãƒƒãƒˆ,ê½ƒë†€ì´ ì†Œí’ ë°”êµ¬ë‹ˆ,Cesta de Piquenique do Florescer,Ğ¦Ğ²ĞµÑ‚ÑƒÑ‰Ğ°Ñ ĞºĞ¾Ñ€Ğ·Ğ¸Ğ½ĞºĞ° Ğ´Ğ»Ñ Ğ¿Ğ¸ĞºĞ½Ğ¸ĞºĞ°,à¸•à¸°à¸à¸£à¹‰à¸²à¸›à¸´à¸à¸™à¸´à¸à¹€à¸šà¹ˆà¸‡à¸šà¸²à¸™,KhÄƒn Tráº£i DÃ£ Ngoáº¡i Hoa Ná»Ÿ,èŠ±å¼€é‡é¤ç¯®,ç¶»æ”¾é‡é¤ç±ƒ
SNC81,commerce_item_name_bloom_gardenerbody,Bloom Gardening Tunic,BlÃ¼tengÃ¤rtnertunika,TÃºnica del jardÃ­n en flor,Tunique de jardinier de la floraison,Pakaian Berkebun Bermekaran,Tunica fiorita da giardinaggio,èŠ±ç¬‘ã‚€åœ’ä¸ãƒãƒ¥ãƒ‹ãƒƒã‚¯,ê½ƒë†€ì´ ì •ì› íŠœë‹‰,TÃºnica de Jardinagem do Florescer,Ğ¢ÑƒĞ½Ğ¸ĞºĞ° Ñ†Ğ²ĞµÑ‚ÑƒÑ‰ĞµĞ³Ğ¾ ÑĞ°Ğ´Ğ°,à¹€à¸ªà¸·à¹‰à¸­à¸„à¸¥à¸¸à¸¡à¸—à¸³à¸ªà¸§à¸™à¹€à¸šà¹ˆà¸‡à¸šà¸²à¸™,Ão KhoÃ¡c VÆ°á»n Hoa Ná»Ÿ,èŠ±å¼€å›­è‰ºæŸè…°å¤–è¡£,ç¶»æ”¾åœ’è—å¤–è¡£
SNC82,commerce_item_name_nature_bluesunglasses,Nature Glasses Pack,Naturbrillenpaket,Paquete de gafas de la naturaleza,Pack Lunettes de la nature,Paket Kacamata Alam,Pacchetto occhiali della natura,è‡ªç„¶ã®ã‚µãƒ³ã‚°ãƒ©ã‚¹ãƒ‘ãƒƒã‚¯,ìì—°ì˜ ì•ˆê²½ íŒ©,Pacote Ã“culos da Natureza,ĞĞ°Ğ±Ğ¾Ñ€ Â«ĞÑ‡ĞºĞ¸ Ğ¿Ñ€Ğ¸Ñ€Ğ¾Ğ´Ñ‹Â»,à¹à¸à¹‡à¸à¹à¸§à¹ˆà¸™à¸•à¸²à¸˜à¸£à¸£à¸¡à¸Šà¸²à¸•à¸´,GÃ³i KÃ­nh ThiÃªn NhiÃªn,è‡ªç„¶å¢¨é•œç¤¼åŒ…,è‡ªç„¶å¢¨é¡ç¦®åŒ…
SNC83,commerce_item_name_nature_musicshell,Nature Sonorous Seashell,Naturklangmuschel,Caracola sonora de la naturaleza,Coquillage mÃ©lodieux naturel,Kerang Nyanyian Alam,Conchiglia sonora della natura,è‡ªç„¶ã®æµ·é³´ãå·»ãè²,ìì—°ì˜ ìš¸ë¦¼ ì¡°ê°œê»ë°ê¸°,Concha Sonora da Natureza,Ğ—Ğ²ÑƒÑ‡Ğ½Ğ°Ñ Ñ€Ğ°ĞºĞ¾Ğ²Ğ¸Ğ½Ğ°,à¹€à¸›à¸¥à¸·à¸­à¸à¸«à¸­à¸¢à¸à¸±à¸‡à¸§à¸²à¸™à¸˜à¸£à¸£à¸¡à¸Šà¸²à¸•à¸´,Vá» SÃ² Ã‚m Vang ThiÃªn NhiÃªn,è‡ªç„¶å›éŸ³è´å£³,è‡ªç„¶å®éŸ³è²æ®¼
SNC84,commerce_item_name_rainbow_pack3,Dark Rainbow Pack,Dunkles Regenbogenpaket,Paquete arcoÃ­ris oscuro,Pack de lâ€™arc-en-ciel obscur,Paket Pelangi Gelap,Pacchetto arcobaleno scuro,æœˆè™¹ãƒ‘ãƒƒã‚¯,ë‹¤í¬ ë¬´ì§€ê°œ íŒ©,Pacote de Arco-Ã­ris Escuro,ĞĞ°Ğ±Ğ¾Ñ€ Â«Ğ¢ĞµĞ¼Ğ½Ğ°Ñ Ñ€Ğ°Ğ´ÑƒĞ³Ğ°Â»,à¹à¸à¹‡à¸à¸ªà¸²à¸¢à¸£à¸¸à¹‰à¸‡à¸ªà¸µà¹€à¸‚à¹‰à¸¡,GÃ³i Cáº§u Vá»“ng Tá»‘i,é»‘ç»®å½©è™¹ç¤¼åŒ…,é»‘ç¶ºå½©è™¹ç¦®åŒ…
SNC85,commerce_item_name_rainbow_darktunic,Dark Rainbow Tunic,Dunkle Regenbogentunika,TÃºnica arcoÃ­ris oscura,Tunique de lâ€™arc-en-ciel obscur,Tunik Pelangi Gelap,Tunica arcobaleno scuro,æœˆè™¹ãƒãƒ¥ãƒ‹ãƒƒã‚¯,ë‹¤í¬ ë¬´ì§€ê°œ íŠœë‹‰,TÃºnica preta do arco-Ã­ris,Ğ¢ÑƒĞ½Ğ¸ĞºĞ° Â«Ğ¢ĞµĞ¼Ğ½Ğ°Ñ Ñ€Ğ°Ğ´ÑƒĞ³Ğ°Â»,à¹€à¸ªà¸·à¹‰à¸­à¸„à¸¥à¸¸à¸¡à¸ªà¸²à¸¢à¸£à¸¸à¹‰à¸‡à¸ªà¸µà¹€à¸‚à¹‰à¸¡,Ão Cáº§u Vá»“ng Tá»‘i,ä½è°ƒé»‘è™¹å½©æŸè…°å¤–è¡£,ä½èª¿é»‘è™¹å½©æŸè…°å¤–è¡£
SNC86,commerce_item_name_musicshop_violin,Triumph Violin,Triumph-Violine,ViolÃ­n del triunfo,Violon du triomphe,Biola Kejayaan,Violino del trionfo,å‡±æ—‹ã®ãƒã‚¤ã‚ªãƒªãƒ³,ìŠ¹ë¦¬ì˜ ë°”ì´ì˜¬ë¦°,Violino do Triunfo,Ğ¡ĞºÑ€Ğ¸Ğ¿ĞºĞ° Ñ‚Ñ€Ğ¸ÑƒĞ¼Ñ„Ğ°,à¹„à¸§à¹‚à¸­à¸¥à¸´à¸™à¹à¸«à¹ˆà¸‡à¸Šà¸±à¸¢à¸Šà¸™à¸°,Violon Vinh Quang,å‡¯æ—‹å°æç´,å‡±æ—‹å°æç´
SNC87,commerce_item_name_birthday_oreo,Anniversary Plush,JubilÃ¤umsplÃ¼schtier,Peluche de aniversario,Peluche dâ€™anniversaire,Boneka Hari Jadi,Peluche dell'anniversario,ã‚¢ãƒ‹ãƒãƒ¼ã‚µãƒªãƒ¼ã¬ã„ãã‚‹ã¿,ê¸°ë…ì¼ ì¸í˜•,PelÃºcia de aniversÃ¡rio,ĞŸĞ»ÑÑˆĞµĞ²Ğ°Ñ Ğ¸Ğ³Ñ€ÑƒÑˆĞºĞ° Ğº Ğ³Ğ¾Ğ´Ğ¾Ğ²Ñ‰Ğ¸Ğ½Ğµ,à¸•à¸¸à¹Šà¸à¸•à¸²à¸§à¸±à¸™à¸„à¸£à¸šà¸£à¸­à¸š,ThÃº BÃ´ng Ká»· Niá»‡m,å‘¨å¹´çºªå¿µæ¯›ç»’ç©å…·,é€±å¹´ç´€å¿µçµ¨æ¯›ç©å…·
SNC88,commerce_item_name_aurora_sneakers,Musical Voyage Sneakers,Musikalische Reise Sneakers,Zapatillas de Viaje Musical,Baskets de Voyage Musical,Sneakers Perjalanan Musikal,Sneakers Viaggio Musicale,éŸ³æ¥½ã®æ—…ã‚¹ãƒ‹ãƒ¼ã‚«ãƒ¼,ìŒì•…ì˜ ì—¬ì • ìš´ë™í™”,TÃªnis de Viagem Musical,ĞšÑ€Ğ¾ÑÑĞ¾Ğ²ĞºĞ¸ ĞœÑƒĞ·Ñ‹ĞºĞ°Ğ»ÑŒĞ½Ğ¾Ğµ ĞŸÑƒÑ‚ĞµÑˆĞµÑÑ‚Ğ²Ğ¸Ğµ,à¸£à¸­à¸‡à¹€à¸—à¹‰à¸²à¸œà¹‰à¸²à¹ƒà¸šà¸à¸²à¸£à¹€à¸”à¸´à¸™à¸—à¸²à¸‡à¹à¸«à¹ˆà¸‡à¹€à¸ªà¸µà¸¢à¸‡à¹€à¸à¸¥à¸‡,GiÃ y Sneakers HÃ nh TrÃ¬nh Ã‚m Nháº¡c,éŸ³ä¹ä¹‹æ—…è¿åŠ¨é‹,éŸ³æ¨‚ä¹‹æ—…é‹å‹•é‹
SNC89,commerce_item_name_sunlight_surfboard,Sunlight Surfboard,Sonnenlicht-Surfbrett,Tabla de surf de luz solar,Planche de surf Soleil,Papan Selancar Sinar Matahari,Giorni Solari - Tavola da surf,é™½å…‰ã‚µãƒ¼ãƒ•ãƒœãƒ¼ãƒ‰,í–‡ë¹› ì„œí•‘ë³´ë“œ,Prancha de Surfe Ensolarada,Ğ”Ğ¾ÑĞºĞ° Ğ´Ğ»Ñ ÑĞµÑ€Ñ„Ğ¸Ğ½Ğ³Ğ° Ğ¡Ğ¾Ğ»Ğ½ĞµÑ‡Ğ½Ğ¾Ğ³Ğ¾ ÑĞ²ĞµÑ‚Ğ°,à¸à¸£à¸°à¸”à¸²à¸™à¹‚à¸•à¹‰à¸„à¸¥à¸·à¹ˆà¸™à¸§à¸±à¸™à¹à¸«à¹ˆà¸‡à¹à¸ªà¸‡à¹à¸”à¸”,VÃ¡n LÆ°á»›t Ãnh Náº¯ng,é˜³å…‰å†²æµªæ¿,é™½å…‰è¡æµªæ¿
SNC90,commerce_item_name_sunlight_sandals,Sunlight Chunky Sandals,Sonnenlicht-Klotz-Sandalen,Sandalias robustas de luz solar,Sandales Ã©paisses Soleil,Sandal Chunky Sinar Matahari,Giorni Solari - Sandali con zeppa,é™½å…‰ãšã‚“ãã‚Šã‚µãƒ³ãƒ€ãƒ«,í–‡ë¹› ìƒŒë“¤,SandÃ¡lias Gordinhas Ensolaradas,Ğ‘Ğ¾Ğ»ÑŒÑˆĞ¸Ğµ ÑĞ°Ğ½Ğ´Ğ°Ğ»Ğ¸Ğ¸ Ğ¡Ğ¾Ğ»Ğ½ĞµÑ‡Ğ½Ğ¾Ğ³Ğ¾ ÑĞ²ĞµÑ‚Ğ°,à¸£à¸­à¸‡à¹€à¸—à¹‰à¸²à¹à¸•à¸°à¸«à¸™à¸²à¸§à¸±à¸™à¹à¸«à¹ˆà¸‡à¹à¸ªà¸‡à¹à¸”à¸”,DÃ©p Máº­p Ãnh Náº¯ng,é˜³å…‰åšåº•å‡‰é‹,é™½å…‰åšåº•æ¶¼é‹
SNC91,commerce_item_name_fashion_jeans,Style Wide-Leg Jeans,Stil-Breitbein-Jeans,Vaqueros de piernas anchas del estilo,Jean pattes dâ€™eph Style,Jeans Kaki Lebar Gaya,Giorni di Stile - Jeans a gamba larga,ãŠæ´’è½ãƒ¯ã‚¤ãƒ‰ãƒ‡ãƒ‹ãƒ ,ë©‹ìŸì´ ì™€ì´ë“œ ì§„,CalÃ§as jeans boca de sino,Ğ¡Ñ‚Ğ¸Ğ»ÑŒĞ½Ñ‹Ğµ ÑˆĞ¸Ñ€Ğ¾ĞºĞ¸Ğµ Ğ´Ğ¶Ğ¸Ğ½ÑÑ‹,à¸¢à¸µà¸™à¸ªà¹Œà¸‚à¸²à¸à¸§à¹‰à¸²à¸‡à¸—à¸µà¹ˆà¸¡à¸µà¸ªà¹„à¸•à¸¥à¹Œ,Quáº§n Jean á»ng Rá»™ng Phong CÃ¡ch,æ—¶å°šé˜”è…¿ç‰›ä»”è£¤,é¢¨æ ¼å¯¬ç‰ˆç‰›ä»”è¤²
SNC92,commerce_item_name_fashion_flameglasses,Style Flame Sunglasses,Stil-Flammen-Sonnenbrille,Gafas infernales del estilo,Lunettes de soleil flamme Style,Kacamata Api Gaya,Giorni di Stile - Occhiali da sole a fiamma,ãŠæ´’è½ãƒ•ã‚¡ã‚¤ã‚¢ã‚µãƒ³ã‚°ãƒ©ã‚¹,ë©‹ìŸì´ ë¶ˆê½ƒ ì„ ê¸€ë¼ìŠ¤,Ã“culos de labareda estilosos,Ğ¡Ñ‚Ğ¸Ğ»ÑŒĞ½Ñ‹Ğµ Ğ¿Ğ»Ğ°Ğ¼ĞµĞ½Ğ½Ñ‹Ğµ ÑĞ¾Ğ»Ğ½ĞµÑ‡Ğ½Ñ‹Ğµ Ğ¾Ñ‡ĞºĞ¸,à¹à¸§à¹ˆà¸™à¸à¸±à¸™à¹à¸”à¸”à¸£à¸¹à¸›à¹€à¸›à¸¥à¸§à¹„à¸Ÿà¸—à¸µà¹ˆà¸¡à¸µà¸ªà¹„à¸•à¸¥à¹Œ,KÃ­nh RÃ¢m Ngá»n Lá»­a Phong CÃ¡ch,æ—¶å°šçƒˆç„°å¤ªé˜³é•œ,é¢¨æ ¼çƒˆç„°å¢¨é¡
SNC93,commerce_item_name_fashion_heartglasses,Style Heart Sunglasses,Stil-Herz-Sonnenbrille,Gafas en corazÃ³n del estilo,Lunettes de soleil cÅ“ur Style,Kacamata Hati Gaya,Giorni di Stile - Occhiali da sole a cuore,ãŠæ´’è½ãƒãƒ¼ãƒˆã‚µãƒ³ã‚°ãƒ©ã‚¹,ë©‹ìŸì´ í•˜íŠ¸ ì„ ê¸€ë¼ìŠ¤,Ã“culos de coraÃ§Ã£o estilosos,Ğ¡Ñ‚Ğ¸Ğ»ÑŒĞ½Ñ‹Ğµ ÑĞ¾Ğ»Ğ½ĞµÑ‡Ğ½Ñ‹Ğµ Ğ¾Ñ‡ĞºĞ¸ Ñ ÑĞµÑ€Ğ´ĞµÑ‡ĞºĞ°Ğ¼Ğ¸,à¹à¸§à¹ˆà¸™à¸à¸±à¸™à¹à¸”à¸”à¸£à¸¹à¸›à¸«à¸±à¸§à¹ƒà¸ˆà¸—à¸µà¹ˆà¸¡à¸µà¸ªà¹„à¸•à¸¥à¹Œ,KÃ­nh RÃ¢m TrÃ¡i Tim Phong CÃ¡ch,æ—¶å°šçˆ±å¿ƒå¤ªé˜³é•œ,é¢¨æ ¼å¿ƒå½¢å¢¨é¡
SNC95,commerce_item_name_fashion_bunnyslippers,Moonlight Bunny Slippers,Mondlicht-HÃ¤schen-Hausschuhe,Pantuflas de conejo de luz de luna,Chaussons de Lapin de Clair de Lune,Sepatu Kaki Kelinci Cahaya Bulan,Chiaro di Luna - Pantofole da coniglio,æœˆç¯ã‚Šãƒãƒ‹ãƒ¼ã‚·ãƒ¥ãƒ¼ã‚º,ë‹¬ë¹› í† ë¼ ìŠ¬ë¦¬í¼,Chinelos de coelho do luar,Ğ›ÑƒĞ½Ğ½Ñ‹Ğµ Ñ‚Ğ°Ğ¿Ğ¾Ñ‡ĞºĞ¸ Ğ² Ğ²Ğ¸Ğ´Ğµ ĞºÑ€Ğ¾Ğ»Ğ¸ĞºĞ°,à¸£à¸­à¸‡à¹€à¸—à¹‰à¸²à¹à¸•à¸°à¸à¸£à¸°à¸•à¹ˆà¸²à¸¢à¹à¸ªà¸‡à¸ˆà¸±à¸™à¸—à¸£à¹Œ,DÃ©p Thá» Ãnh TrÄƒng,æœˆå…‰å…”å…”æ‹–,æœˆè¯å…”å…”æ‹–
SNC96,commerce_item_name_mischief_cobwebcape,Mischief Gossamer Cape,Schabernack-Spinnennetz-Umhang,Capa de telaraÃ±a traviesa,Cape toile dâ€™araignÃ©e malicieuse,Jubah Gossamer Kejahilan,Mantello impalpabile degli Scherzetti,ã„ãŸãšã‚‰ã‚¯ãƒ¢ã®ç™½ç´—ã‚±ãƒ¼ãƒ—,ì¥ë‚œê¾¸ëŸ¬ê¸° ê±°ë¯¸ì¤„ ë§í† ,Capa aracnotravessuras,ĞĞ·Ğ¾Ñ€Ğ½Ğ°Ñ Ğ½Ğ°ĞºĞ¸Ğ´ĞºĞ°-Ğ¿Ğ°ÑƒÑ‚Ğ¸Ğ½ĞºĞ°,à¹€à¸ªà¸·à¹‰à¸­à¸„à¸¥à¸¸à¸¡à¹ƒà¸¢à¹à¸¡à¸‡à¸¡à¸¸à¸¡à¸‹à¸¸à¸à¸‹à¸™,Ão ChoÃ ng Nhá»‡n Tinh Nghá»‹ch,é¡½çš®è››ä¸æ–—ç¯·,é ‘çš®è¼•å·§æ–—ç¯·
SNC97,commerce_item_name_mischief_draculamask,Mischief Crabula Mask,Schabernack-Crabula-Maske,MÃ¡scara de Crabula traviesa,Masque Crabula malicieux,Topeng Crabula Kejahilan,Maschera crabula degli Scherzetti,ã„ãŸãšã‚‰èŸ¹ä¼¯çˆµãƒã‚¹ã‚¯,ì¥ë‚œê¾¸ëŸ¬ê¸° ê²Œ ë°±ì‘ ê°€ë©´,MÃ¡scara guaiÃ¡ de travessuras,ĞĞ·Ğ¾Ñ€Ğ½Ğ°Ñ Ğ¼Ğ°ÑĞºĞ° Ğ“Ñ€Ğ°Ñ„Ğ° ĞšÑ€Ğ°Ğ±ÑƒĞ»Ñ‹,à¸«à¸™à¹‰à¸²à¸à¸²à¸à¸„à¸£à¸²à¸šà¸¹à¸¥à¸²à¹à¸ªà¸™à¸‹à¸¸à¸à¸‹à¸™,Máº·t Náº¡ DraCuaLa Tinh Nghá»‹ch,æ£è›‹èŸ¹å¤æ‹‰é¢å…·,æ—è›‹èŸ¹å¤æ‹‰é¢å…·
SNC98,commerce_item_name_mischief_draculacape,Mischief Crabula Cloak,Schabernack-Crabula-Umhang,Manto de Crabula travieso,Cape Crabula malicieuse,Jubah Crabula Kejahilan,Manto crabula degli Scherzetti,ã„ãŸãšã‚‰èŸ¹ä¼¯çˆµãƒãƒ³ãƒˆ,ì¥ë‚œê¾¸ëŸ¬ê¸° ê²Œ ë°±ì‘ ë§í† ,Manto guaiÃ¡ de travessuras,ĞĞ·Ğ¾Ñ€Ğ½Ğ¾Ğ¹ Ğ¿Ğ»Ğ°Ñ‰ Ğ“Ñ€Ğ°Ñ„Ğ° ĞšÑ€Ğ°Ğ±ÑƒĞ»Ñ‹,à¹€à¸ªà¸·à¹‰à¸­à¸„à¸¥à¸¸à¸¡à¸„à¸£à¸²à¸šà¸¹à¸¥à¸²à¹à¸ªà¸™à¸‹à¸¸à¸à¸‹à¸™,Ão ChoÃ ng DraCuaLa Tinh Nghá»‹ch,æ£è›‹èŸ¹å¤æ‹‰æ–—ç¯·,æ—è›‹èŸ¹å¤æ‹‰æ–—ç¯·
SNC99,commerce_item_name_mainstreet_moth,Moth Appreciation Pack,Motten-WertschÃ¤tzungspaket,Paquete de aprecio hacia las mariposas,Pack dâ€™apprÃ©ciation des papillons de nuit,Paket Apresiasi Moth,Pacchetto Ispirazione Falena,ãƒ¢ã‚¹æ„Ÿè¬ãƒ‘ãƒƒã‚¯,ë‚˜ë°© í™˜ì˜ íŒ©,Pacote de GratidÃ£o da Mariposa,ĞĞ°Ğ±Ğ¾Ñ€ Ğ±Ğ»Ğ°Ğ³Ğ¾Ğ´Ğ°Ñ€Ğ½Ğ¾ÑÑ‚Ğ¸ Â«ĞœĞ¾Ğ»ÑŒÂ»,à¹à¸à¹‡à¸à¸Šà¸·à¹ˆà¸™à¸Šà¸¡à¸œà¸µà¹€à¸ªà¸·à¹‰à¸­à¸à¸¥à¸²à¸‡à¸„à¸·à¸™,GÃ³i NÃ¢ng Táº§m BÆ°á»›m ÄÃªm,é£è›¾èµèµåŒ…,é£›è›¾è®šè³ç¦®åŒ…
SNC100,commerce_item_name_mainstreet_sparrow,Sparrow Appreciation Pack,Spatzen-WertschÃ¤tzungspaket,Paquete de aprecio hacia los gorriones,Pack dâ€™apprÃ©ciation des moineaux,Paket Apresiasi Burung Pipit,Pacchetto Ispirazione Passero,ã™ãšã‚æ„Ÿè¬ãƒ‘ãƒƒã‚¯,ì°¸ìƒˆ í™˜ì˜ íŒ©,Pacote de GratidÃ£o do Pardal,ĞĞ°Ğ±Ğ¾Ñ€ Ğ±Ğ»Ğ°Ğ³Ğ¾Ğ´Ğ°Ñ€Ğ½Ğ¾ÑÑ‚Ğ¸ Â«Ğ’Ğ¾Ñ€Ğ¾Ğ±ĞµĞ¹Â»,à¹à¸à¹‡à¸à¸Šà¸·à¹ˆà¸™à¸Šà¸¡à¸™à¸à¸à¸£à¸°à¸ˆà¸­à¸,GÃ³i NÃ¢ng Táº§m Chim Sáº»,éº»é›€èµèµåŒ…,éº»é›€è®šè³ç¦®åŒ…
SNC101,commerce_item_name_feast_yetiboots,Cozy Hermit Boots,GemÃ¼tliche Einsiedler-Stiefel,Botas del ermitaÃ±o acogedor,Bottes d'ermite douillettes,Sepatu Pertapa yang Nyaman,Comodi stivali da Yeti,éš è€…ã®ã¬ãã‚‚ã‚Šãƒ–ãƒ¼ãƒ„,í¬ê·¼í•œ ì€ë‘”ì ë¶€ì¸ ,Botas confortÃ¡veis do IÃ©ti,Ğ£ÑÑ‚Ğ½Ñ‹Ğµ Ğ±Ğ¾Ñ‚Ğ¸Ğ½ĞºĞ¸ Ğ¾Ñ‚ÑˆĞµĞ»ÑŒĞ½Ğ¸ĞºĞ°,à¸£à¸­à¸§à¹€à¸—à¹‰à¸²à¸™à¸±à¸à¸šà¸§à¸Šà¹à¸ªà¸™à¸ªà¸šà¸²à¸¢,GiÃ y áº¨n SÄ© áº¤m Ãp,æš–æ´‹æ´‹é›ªæ€ªé´å­,æš–æ´‹æ´‹é›ªäººé´
SNC102,commerce_item_name_feast_puffercape,Winter Quilted Cape,Gesteppter Winterumhang,Capa invernal acolchonada,Cape matelassÃ©e d'hiver,Jubah Berlapis Musim Dingin,Mantello trapuntato invernale,å†¬ç·¨ã‚€ã‚­ãƒ«ãƒ†ã‚£ãƒ³ã‚°ã‚±ãƒ¼ãƒ—,ê²¨ìš¸ í€¼íŠ¸ ë§í† ,Capa acolchoada de inverno,Ğ—Ğ¸Ğ¼Ğ½ÑÑ ÑÑ‚Ñ‘Ğ³Ğ°Ğ½Ğ°Ñ Ğ½Ğ°ĞºĞ¸Ğ´ĞºĞ°,à¹€à¸ªà¸·à¹‰à¸­à¸„à¸¥à¸¸à¸¡à¸šà¸¸à¸™à¸§à¸¡à¸¤à¸”à¸¹à¸«à¸™à¸²à¸§,Ão ChoÃ ng BÃ´ng MÃ¹a ÄÃ´ng,å†¬å­£ç»—ç¼å¤¹äº‘æ–—ç¯·,å†¬å­£çµç¸«é‹ªé›²æ–—ç¯·
SNC103,commerce_item_name_fortune_dragonrobe,Days of Fortune Dragon Vestment,Gewand der Tage des GlÃ¼cks,Uniforme del dragÃ³n de los dÃ­as de la buena fortuna,Jours de chance : habit du dragon,Jubah Naga Hari Keberuntungan,Veste del drago dei Giorni della Buona Stella,æ¥ç¦ç«œã®å¼æœ,í–‰ë³µì˜ ë‚  ìš© ì œì˜,Vestes de dragÃ£o dos Dias de Felicidade,Ğ”Ğ½Ğ¸ ÑƒĞ´Ğ°Ñ‡Ğ¸: Ğ¾Ğ´ĞµÑĞ½Ğ¸Ğµ Ğ´Ñ€Ğ°ĞºĞ¾Ğ½Ğ°,à¹€à¸ªà¸·à¹‰à¸­à¸„à¸¥à¸¸à¸¡à¸¡à¸±à¸‡à¸à¸£à¸§à¸±à¸™à¹à¸«à¹ˆà¸‡à¹‚à¸Šà¸„à¸¥à¸²à¸ ,Lá»… Phá»¥c Rá»“ng NgÃ y May Máº¯n,å¹¸è¿èŠ‚é¾™ç¤¼æœ,å¹¸é‹ç¯€é¾ç¦®æœ
SNC104,commerce_item_name_fortune_dragoncape,Days of Fortune Dragon Stole,Drachenstola der Tage des GlÃ¼cks,Estola del dragÃ³n de los dÃ­as de la buena fortuna,Jours de chance : Ã©tole du dragon,Selendang Naga Hari Keberuntungan,Stola del drago dei Giorni della Buona Stella,æ¥ç¦ç«œã®è‚©æ›ã‘,í–‰ë³µì˜ ë‚  ìš© ì˜ëŒ€,Estola de dragÃ£o dos Dias de Felicidade,Ğ”Ğ½Ğ¸ ÑƒĞ´Ğ°Ñ‡Ğ¸: Ğ¿Ğ°Ğ»Ğ°Ğ½Ñ‚Ğ¸Ğ½ Ğ´Ñ€Ğ°ĞºĞ¾Ğ½Ğ°,à¸œà¹‰à¸²à¸„à¸¥à¸¸à¸¡à¹„à¸«à¸¥à¹ˆà¸¡à¸±à¸‡à¸à¸£à¸§à¸±à¸™à¹à¸«à¹ˆà¸‡à¹‚à¸Šà¸„à¸¥à¸²à¸ ,KhÄƒn ChoÃ ng Rá»“ng NgÃ y May Máº¯n,å¹¸è¿èŠ‚é¾™æ–—ç¯·,å¹¸é‹ç¯€é¾æ–—ç¯·
SNC105,commerce_item_name_fortune_dragonearring,Days of Fortune Dragon Bangles,Reifen der Tage des GlÃ¼cks,Aretes del dragÃ³n de los dÃ­as de la buena fortuna,Jours de chance : bracelet du dragon,Gelang Naga Hari Keberuntungan,Orecchini del drago dei Giorni della Buona Stella,æ¥ç¦ç«œã®è€³é£¾ã‚Š,í–‰ë³µì˜ ë‚  ìš© ê·€ê±¸ì´,Pulseiras de dragÃ£o dos Dias de Felicidade,Ğ”Ğ½Ğ¸ ÑƒĞ´Ğ°Ñ‡Ğ¸: Ğ¾Ğ±Ñ€ÑƒÑ‡Ğ¸ Ğ´Ñ€Ğ°ĞºĞ¾Ğ½Ğ°,à¸à¸³à¹„à¸¥à¸¡à¸±à¸‡à¸à¸£à¸§à¸±à¸™à¹à¸«à¹ˆà¸‡à¹‚à¸Šà¸„à¸¥à¸²à¸ ,VÃ²ng Tay Rá»“ng NgÃ y May Máº¯n,å¹¸è¿èŠ‚é¾™è€³ç¯,å¹¸é‹ç¯€é¾è€³é£¾
SNC106,commerce_item_name_love_meteorwing,Days of Love Meteor Mantle,Meteormantel der Tage der Liebe,Manto de meteoritos de los dÃ­as del amor,Jours de l'amour : manteau mÃ©tÃ©ore,Mantel Meteor Hari Kasih Sayang,Mantello meteora dei Giorni dell'Amore,æ„›ã—ã¿ã®æµæ˜Ÿãƒãƒ³ãƒˆ,ì‚¬ë‘ì˜ ë‚ ë“¤ ìœ ì„± ë§í† ,Manto de meteoro dos Dias de Amor,Ğ”Ğ½Ğ¸ Ğ»ÑĞ±Ğ²Ğ¸: Ğ¼ĞµÑ‚ĞµĞ¾Ñ€Ğ¸Ñ‚Ğ½Ğ°Ñ Ğ¼Ğ°Ğ½Ñ‚Ğ¸Ñ,à¹€à¸ªà¸·à¹‰à¸­à¸„à¸¥à¸¸à¸¡à¸”à¸²à¸§à¸•à¸à¸§à¸±à¸™à¹à¸«à¹ˆà¸‡à¸„à¸§à¸²à¸¡à¸£à¸±à¸,Ão ChoÃ ng Sao BÄƒng NgÃ y TÃ¬nh YÃªu,çˆ±ä¹‹åº†å…¸æµæ˜Ÿæ–—ç¯·,æ„›ä¹‹æ…¶å…¸æµæ˜Ÿæ–—ç¯·
SNC107,commerce_item_name_deer_horn,Gift of the Nine-Colored Deer,Geschenk des Neunfarbigen Hirsches,Regalo del ciervo de los nueve colores,Cadeau d cerf aux neuf couleurs,Hadiah Rusa Sembilan Warna,Dono del Cervo dai nove colori,ä¹è‰²ã®é¹¿ã®è´ˆã‚Šç‰©,ì•„í™‰ ë¹›ê¹” ì‚¬ìŠ´ì˜ ì„ ë¬¼,Presente do Cervo de Nove Cores,Ğ”Ğ°Ñ€ Ğ”ĞµĞ²ÑÑ‚Ğ¸Ñ†Ğ²ĞµÑ‚Ğ½Ğ¾Ğ³Ğ¾ Ğ¾Ğ»ĞµĞ½Ñ,à¸‚à¸­à¸‡à¸‚à¸§à¸±à¸à¸‚à¸­à¸‡à¸à¸§à¸²à¸‡à¹€à¸à¹‰à¸²à¸ªà¸µ,MÃ³n quÃ  cá»§a Cá»­u Sáº¯c Lá»™c,ç¥é¹¿ç¥ç¦å¤´é¥°ç¤¼åŒ…ç¤¼,ä¹è‰²é¹¿çš„è³œç¦®
SNC108,commerce_item_name_deer_lotuscape,Radiance of the Nine-Colored Deer,Glanz des Neunfarbigen Hirsches,Resplandor del ciervo de los nueve colores,Ã‰clat du cerf aux neuf couleurs,Pesona Rusa Sembilan Warna,Splendore del Cervo dai nove colori,ä¹è‰²ã®é¹¿ã®è¼ã,ì•„í™‰ ë¹›ê¹” ì‚¬ìŠ´ì˜ ë¹›,Brilho do Cervo de Nove Cores,Ğ¡Ğ¸ÑĞ½Ğ¸Ğµ Ğ”ĞµĞ²ÑÑ‚Ğ¸Ñ†Ğ²ĞµÑ‚Ğ½Ğ¾Ğ³Ğ¾ Ğ¾Ğ»ĞµĞ½Ñ,à¹à¸ªà¸‡à¸—à¸µà¹ˆà¹€à¸£à¸·à¸­à¸‡à¸£à¸­à¸‡à¸‚à¸­à¸‡à¸à¸§à¸²à¸‡à¹€à¸à¹‰à¸²à¸ªà¸µ,Sá»± ráº¡ng rá»¡ cá»§a Cá»­u Sáº¯c Lá»™c,å¼‚å½©è²èŠ±æ–—ç¯·ç¤¼åŒ…,ä¹è‰²é¹¿çš„å…‰è¼
SNC109,commerce_item_name_bloom_leafumbrella,Bloom Lilypad Umbrella,Seerosenschirm,Paraguas de floraciÃ³n de nenÃºfar,Parapluie nÃ©nuphar en fleur,Payung Teratai Bermekaran,Ombrello fiorito di ninfea,èŠ±ç¬‘ã‚€è‘‰ã£ã±å‚˜,ê½ƒë†€ì´ ì—°ì ìš°ì‚°,Guarda-chuva de VitÃ³ria-RÃ©gia,ĞšÑƒĞ²ÑˆĞ¸Ğ½Ğ¾Ñ‡Ğ½Ñ‹Ğ¹ Ğ·Ğ¾Ğ½Ñ‚Ğ¸Ğº Ñ†Ğ²ĞµÑ‚ĞµĞ½Ğ¸Ñ,à¸£à¹ˆà¸¡à¹ƒà¸šà¸šà¸±à¸§à¹€à¸šà¹ˆà¸‡à¸šà¸²à¸™,Ã” LÃ¡ SÃºng Ná»Ÿ Rá»™,èŠ±æ†©è²å¶ä¼,èŠ±æ†©è“®è‘‰å‚˜
SNC110,commerce_item_name_nature_waterwavewing,Nature Wave Pack,Naturwellen-Paket,Paquete de oleaje natural,Pack minivague,Paket Gelombang Alam,Pacchetto onde naturali,è‡ªç„¶ã®ã•ã–æ³¢ãƒ‘ãƒƒã‚¯,ìì—°ì˜ ë¬¼ê²° íŒ©,Pacote Onda da Natureza,ĞĞ°Ğ±Ğ¾Ñ€ Â«ĞŸÑ€Ğ¸ĞºĞ¾ÑĞ½Ğ¾Ğ²ĞµĞ½Ğ¸Ğµ Ğ²Ğ¾Ğ»Ğ½Â»,à¹à¸à¹‡à¸à¸„à¸¥à¸·à¹ˆà¸™à¸˜à¸£à¸£à¸¡à¸Šà¸²à¸•à¸´,GÃ³i Gá»£n SÃ³ng ThiÃªn NhiÃªn,è‡ªç„¶æ³¢æµªç¤¼åŒ…,è‡ªç„¶æ³¢æµªç¦®åŒ…
SNC111,commerce_item_name_nature_waterhair,Nature Wave-Touched Hair,Von Naturwellen berÃ¼hrtes Haar,Peinado de oleaje natural,Minivague naturelle,Rambut Sentuhan Gelombang Alam,Capelli toccati dalle onde naturali,è‡ªç„¶ã®æ³¢ç·¨ã¿ãƒ˜ã‚¢,ìì—°ì˜ ë¬¼ê²° í—¤ì–´ìŠ¤íƒ€ì¼,Cabelo com ondas naturais,ĞŸÑ€Ğ¸Ñ‡ĞµÑĞºĞ° Â«ĞŸÑ€Ğ¸ĞºĞ¾ÑĞ½Ğ¾Ğ²ĞµĞ½Ğ¸Ğµ Ğ²Ğ¾Ğ»Ğ½Â»,à¸—à¸£à¸‡à¸œà¸¡à¸¥à¸­à¸™à¸„à¸¥à¸·à¹ˆà¸™à¸˜à¸£à¸£à¸¡à¸Šà¸²à¸•à¸´,TÃ³c Gá»£n SÃ³ng ThiÃªn NhiÃªn,è‡ªç„¶æ°´æ¼¾å‘å‹,è‡ªç„¶æ°´æ¼¾é«®å‹
SNC112,commerce_item_name_cafe_pastryhair,Cinnamoroll Pop-Up Cafe Combo,Cinnamoroll Pop-Up CafÃ©-Haube,CafÃ© efÃ­mero de Cinnamoroll: peinado,Coupe du cafÃ© Ã©phÃ©mÃ¨re Cinnamoroll,Koif Kafe Pop-Up Cinnamoroll,Cuffia da caffetteria di Cinnamoroll,ã‚·ãƒŠãƒ¢ãƒ­ãƒ¼ãƒ«ã‚‚ãã‚‚ããƒ˜ã‚¢,ì‹œë‚˜ëª¨ë¡¤ íŒì—… ì¹´í˜ ì„¸íŠ¸,Combo do Cinnamoroll Pop-Up CafÃ©,ĞŸÑ€Ğ¸Ñ‡ĞµÑĞºĞ° Ğ¸Ğ· ĞºĞ°Ñ„Ğµ Cinnamoroll,à¸„à¸­à¸¡à¹‚à¸šà¸„à¸²à¹€à¸Ÿà¹ˆà¸›à¹‡à¸­à¸›à¸­à¸±à¸ à¸‹à¸´à¸™à¸²à¸¡à¸­à¹‚à¸£à¸¥,MÅ© Cafe Pop-Up Cinnamoroll,Cinnamorollå¿«é—ªå’–å•¡å…å¥—ç»„,å¤§è€³ç‹—å–œæ‹¿å¿«é–ƒå’–å•¡å»³å¥—çµ„
SNC113,commerce_item_name_cafe_pastryplush,Cinnamoroll Pop-Up Cafe Plushie,Cinnamoroll Pop-Up CafÃ© PlÃ¼schtier,CafÃ© efÃ­mero de Cinnamoroll: peluche,Peluche du cafÃ© Ã©phÃ©mÃ¨re Cinnamoroll,Boneka Kafe Pop-Up Cinnamoroll,Peluche della caffetteria di Cinnamoroll,ãµã‚ãµã‚ã¬ã„ãã‚‹ã¿ ã‚·ãƒŠãƒ¢ãƒ­ãƒ¼ãƒ«,ì‹œë‚˜ëª¨ë¡¤ íŒì—… ì¹´í˜ ë´‰ì œì¸í˜•,Cinnamoroll Pop-Up CafÃ©: pelÃºcia,ĞœÑĞ³ĞºĞ°Ñ Ğ¸Ğ³Ñ€ÑƒÑˆĞºĞ° Ğ¸Ğ· ĞºĞ°Ñ„Ğµ Cinnamoroll,à¸•à¸¸à¹Šà¸à¸•à¸²à¸„à¸²à¹€à¸Ÿà¹ˆà¸›à¹‡à¸­à¸›à¸­à¸±à¸ à¸‹à¸´à¸™à¸²à¸¡à¸­à¹‚à¸£à¸¥,ThÃº BÃ´ng Cafe Pop-Up Cinnamoroll,Cinnamorollå¿«é—ªå’–å•¡å…ï¼æ¯›ç»’ç©å…·,å¤§è€³ç‹—å–œæ‹¿å¿«é–ƒå’–å•¡å»³ï¼æ¯›çµ¨ç©å¶
SNC114,commerce_item_name_cafe_pastrymini,Cinnamoroll Pop-Up Cafe Mini Companion,Cinnamoroll Pop-Up CafÃ© Mini-GefÃ¤hrte,CafÃ© efÃ­mero de Cinnamoroll: miniacompaÃ±ante,Mini-compagnon du cafÃ© Ã©phÃ©mÃ¨re Cinnamoroll,Pendamping Mini Kafe Pop-Up Cinnamoroll,Amichetto della caffetteria di Cinnamoroll,ã‹ã‚ã„ã„ãŠå‹ã ã¡ ã‚·ãƒŠãƒ¢ãƒ­ãƒ¼ãƒ«,ì‹œë‚˜ëª¨ë¡¤ íŒì—… ì¹´í˜ ì‘ì€ ì¹œêµ¬," Cinnamoroll Pop-Up CafÃ©: mini-amiguinho",Ğ¡Ğ¿ÑƒÑ‚Ğ½Ğ¸Ğº Ğ¸Ğ· ĞºĞ°Ñ„Ğµ Cinnamoroll,à¸ªà¸«à¸²à¸¢à¸•à¸±à¸§à¸ˆà¸´à¹‹à¸§à¸„à¸²à¹€à¸Ÿà¹ˆà¸›à¹‡à¸­à¸›à¸­à¸±à¸ à¸‹à¸´à¸™à¸²à¸¡à¸­à¹‚à¸£à¸¥,Äá»“ng HÃ nh Nhá» Cafe Pop-Up Cinnamoroll,Cinnamorollå¿«é—ªå’–å•¡å…ï¼è¿·ä½ ä¼™ä¼´,å¤§è€³ç‹—å–œæ‹¿å¿«é–ƒå’–å•¡å»³ï¼è¿·ä½ å¤¥ä¼´
SNC115,commerce_item_name_cafe_pastrywing,Cinnamoroll Pop-Up Cafe Bowtie and Cloud Cape,Cinnamoroll Pop-Up CafÃ© Fliege und Wolkenumhang,Cinnamoroll CafÃ© Pop-Up Pajarita y Capa de Nube,Cinnamoroll CafÃ© Ã‰phÃ©mÃ¨re NÅ“ud Papillon et Cape Nuage,Dasi Kafe Pop-Up Cinnamoroll dan Jubah Awan,Cinnamoroll CaffÃ¨ Pop-Up Farfallino e Mantello Nuvola,ã‚·ãƒŠãƒ¢ãƒ­ãƒ¼ãƒ«ã‚‚ãã‚‚ãé›²ã‚±ãƒ¼ãƒ—&è¶ãƒã‚¯ã‚¿ã‚¤,ì‹œë‚˜ëª¨ë¡¤ íŒì—… ì¹´í˜ ë³´íƒ€ì´ ë° êµ¬ë¦„ ë§í† ,Cinnamoroll Pop-Up CafÃ©: Gravata borboleta e Capa de Nuvem,Ğ“Ğ°Ğ»ÑÑ‚ÑƒĞº-Ğ±Ğ°Ğ±Ğ¾Ñ‡ĞºĞ° Ğ¸ Ğ¾Ğ±Ğ»Ğ°Ñ‡Ğ½Ğ°Ñ Ğ½Ğ°ĞºĞ¸Ğ´ĞºĞ° Ğ¡Ğ¸Ğ½Ğ°Ğ¼Ğ¾Ñ€Ğ¾Ğ»Ğ°,à¹‚à¸šà¸§à¹Œà¹à¸¥à¸°à¹€à¸ªà¸·à¹‰à¸­à¸„à¸¥à¸¸à¸¡à¸›à¸¸à¸¢à¹€à¸¡à¸†à¸„à¸²à¹€à¸Ÿà¹ˆà¸›à¹‡à¸­à¸›à¸­à¸±à¸ à¸‹à¸´à¸™à¸²à¸¡à¸­à¹‚à¸£à¸¥,Cinnamoroll QuÃ¡n CÃ  PhÃª Pop-Up NÆ¡ CÃ  Váº¡t vÃ  Ão ChoÃ ng MÃ¢y,Cinnamoroll å¿«é—ªå’–å•¡å…ï¼é¢†ç»“ä¸äº‘æœµæ–—ç¯·,å¤§è€³ç‹—å–œæ‹¿å¿«é–ƒå’–å•¡å»³ï¼é ˜çµèˆ‡é›²æœµæ–—ç¯·
SNC116,commerce_item_name_rainbow_darkloafers,Dark Rainbow Loafers,Dunkle Regenbogen-Halbschuhe,Mocasines arcoÃ­ris oscuros,Mocassins arc-en-ciel foncÃ©s,Sepatu Pantofel Pelangi Gelap,Mocassini arcobaleno scuro,æœˆè™¹ãƒ­ãƒ¼ãƒ•ã‚¡ãƒ¼,ë‹¤í¬ ë¬´ì§€ê°œ ë¡œí¼,Loafer arco-Ã­ris escuro,Ğ¢ĞµĞ¼Ğ½Ñ‹Ğµ Ñ€Ğ°Ğ´ÑƒĞ¶Ğ½Ñ‹Ğµ Ñ‚ÑƒÑ„Ğ»Ğ¸,à¸£à¸­à¸‡à¹€à¸—à¹‰à¸²à¹‚à¸¥à¸Ÿà¹€à¸Ÿà¸­à¸£à¹Œà¸ªà¸²à¸¢à¸£à¸¸à¹‰à¸‡à¸ªà¸µà¹€à¸‚à¹‰à¸¡,GiÃ y Cáº§u Vá»“ng Äen,ç‚«é»‘è™¹åº•ä¹ç¦é‹,ç‚«é»‘è™¹åº•æ¨‚ç¦é‹
SNC117,commerce_item_name_rainbow_bubblemachine,Color Bubble Machine,Farbblasenmaschine,MÃ¡quina de burbujas de colores,Machine Ã  bulles colorÃ©e,Mesin Gelembung Berwarna,Macchina delle bolle colorate,å½©ãªã™ã—ã‚ƒã¼ã‚“ç‰ä»•æ›ã‘,ìƒ‰ê¹” ë¬¼ë°©ìš¸ ê¸°ê³„,MÃ¡quina de bolhas coloridas,Ğ¦Ğ²ĞµÑ‚Ğ½Ğ°Ñ Ğ¼Ğ°ÑˆĞ¸Ğ½Ğ° Ñ Ğ¿ÑƒĞ·Ñ‹Ñ€ÑŒĞºĞ°Ğ¼Ğ¸,à¹€à¸„à¸£à¸·à¹ˆà¸­à¸‡à¸—à¸³à¸Ÿà¸­à¸‡à¸«à¸¥à¸²à¸à¸ªà¸µ,MÃ¡y Bong BÃ³ng MÃ u,å½©è‰²æ³¡æ³¡æœº,ç‚«å½©æ³¡æ³¡æ©Ÿ
SNC118,commerce_item_name_oreoheadband,Anniversary Oreo Headband,Oreo-JubilÃ¤umsstirnband,Vincha de Oreo conmemorativa,Serre-tÃªte Oreo anniversaire,Ikat Kepala Oreo Ulang Tahun,Cerchietto di Oreo dell'anniversario,ã‚¢ãƒ‹ãƒãƒ¼ã‚µãƒªãƒ¼ã‚ªãƒ¬ã‚ªã‚«ãƒãƒ¥ãƒ¼ã‚·ãƒ£,ê¸°ë…ì¼ ì˜¤ë ˆì˜¤ ë¨¸ë¦¬ë ,Tiara de aniversÃ¡rio do Oreo,Ğ®Ğ±Ğ¸Ğ»ĞµĞ¹Ğ½Ğ°Ñ Ğ¿Ğ¾Ğ²ÑĞ·ĞºĞ° Â«ĞÑ€ĞµĞ¾Â»,à¸œà¹‰à¸²à¸„à¸²à¸”à¸œà¸¡à¹‚à¸­à¸£à¸µà¹‚à¸­à¸‰à¸¥à¸­à¸‡à¸„à¸£à¸šà¸£à¸­à¸š,BÄƒng ÄÃ´ Oreo Ká»· Niá»‡m,å‘¨å¹´åº† Oreo å¤´å¸¦,é€±å¹´æ…¶ Oreo é ­å¸¶
SNC120,commerce_item_name_competition_greekrobe,Tournament Tunic,Turnier-Tunika,TÃºnica del Torneo,Tunique de Tournoi,Tunik Turnamen,Tunica del Torneo,å¤§ç«¶æŠ€ä¼šãƒãƒ¥ãƒ‹ãƒƒã‚¯,í† ë„ˆë¨¼íŠ¸ íŠœë‹‰,TÃºnica do Torneio,Ğ¢ÑƒÑ€Ğ½Ğ¸Ñ€Ğ½Ğ°Ñ Ñ‚ÑƒĞ½Ğ¸ĞºĞ°,à¹€à¸ªà¸·à¹‰à¸­à¹€à¸à¸£à¸²à¸°à¸à¸²à¸£à¹à¸‚à¹ˆà¸‡à¸‚à¸±à¸™,Ão cháº½n giáº£i Ä‘áº¥u,æ¯”èµ›é•¿è¢,éŒ¦æ¨™æŸè…°å¤–è¡£
SNC121,commerce_item_name_competition_laurel,Tournament Golden Garland,Turnier Goldene Girlande,Guirnalda Dorada del Torneo,Guirlande d'Or du Tournoi,Karangan Bunga Emas Turnamen,Ghirlanda d'Oro del Torneo,å¤§ç«¶æŠ€ä¼šã®é‡‘å† ,í† ë„ˆë¨¼íŠ¸ í™©ê¸ˆ í™”í™˜,Guirlanda Dourada do Torneio,Ğ¢ÑƒÑ€Ğ½Ğ¸Ñ€Ğ½Ğ°Ñ Ğ—Ğ¾Ğ»Ğ¾Ñ‚Ğ°Ñ Ğ“Ğ¸Ñ€Ğ»ÑĞ½Ğ´Ğ°,à¸¡à¸²à¸¥à¸±à¸¢à¸—à¸­à¸‡à¸„à¸³à¸ªà¸³à¸«à¸£à¸±à¸šà¸à¸²à¸£à¹à¸‚à¹ˆà¸‡à¸‚à¸±à¸™,VÃ²ng hoa vÃ ng giáº£i Ä‘áº¥u,æ¯”èµ›é‡‘è‰²èŠ±ç¯,éŒ¦æ¨™é‡‘è‰²èŠ±ç’°
SNC123,commerce_item_name_moonlight_earring,Moonlight Earring,Mondlicht-Ohrring,Aretes de luz de luna,Boucles dâ€™oreille du clair de lune,Anting-anting Cahaya Bulan,Orecchini del chiaro di luna,æœˆç¯ã‚Šã‚¤ãƒ¤ãƒªãƒ³ã‚°,ë‹¬ë¹› ê·€ê±¸ì´,Brinco do Luar,Ğ›ÑƒĞ½Ğ½Ñ‹Ğµ ÑĞµÑ€ÑŒĞ³Ğ¸,à¸•à¹ˆà¸²à¸‡à¸«à¸¹à¹à¸ªà¸‡à¸ˆà¸±à¸™à¸—à¸£à¹Œ,KhuyÃªn Tai Ãnh TrÄƒng,æœˆå…‰è€³å ,æœˆè¯è€³ç’°
SNC124,commerce_item_name_moonlight_dress,Moonlight Frock and Updo,Mondscheinkleid und Hochsteckfrisur,Vestido y peinado de luz de luna,Robe et coiffure du clair de lune,Gaun dan Updo Cahaya Bulan,Abito e acconciatura del chiaro di luna,æœˆç¯ã‚Šã®è¡£ã¨ã¾ã¨ã‚é«ª,ë‹¬ë¹› ì˜ˆë³µ ë° ì˜¬ë¦¼ë¨¸ë¦¬,Vestido de Luar e corte de cabelo elaborado,Ğ›ÑƒĞ½Ğ½Ğ¾Ğµ Ğ¿Ğ»Ğ°Ñ‚ÑŒĞµ Ğ¸ Ğ¿Ñ€Ğ¸Ñ‡ĞµÑĞºĞ°,à¹€à¸ªà¸·à¹‰à¸­à¸„à¸¥à¸¸à¸¡à¹à¸¥à¸°à¸—à¸£à¸‡à¸œà¸¡à¹à¸ªà¸‡à¸ˆà¸±à¸™à¸—à¸£à¹Œ,VÃ¡y VÃ  TÃ³c BÃºi Ãnh TrÄƒng,æœˆåç½©è¢ä¸é«˜é«»,æœˆè¯ç½©è¢èˆ‡é«˜é«»
SNC125,commerce_item_name_style_crystalsuit,Style Dapper Trio,Stil Elegantes Trio,Conjunto sofisticado de tres piezas,Trois-piÃ¨ces Ã©lÃ©gant,Style Dapper Trio,Trio di eleganza,ãŠæ´’è½ã‚¹ã‚¿ã‚¤ãƒªãƒƒã‚·ãƒ¥ãƒˆãƒªã‚ª,ê³ í’ˆê²© ì“°ë¦¬í”¼ìŠ¤ ì •ì¥,Trio Elegante Estiloso,Ğ¡Ñ‚Ğ¸Ğ»ÑŒĞ½Ñ‹Ğ¹ ĞºĞ¾ÑÑ‚ÑĞ¼-Ñ‚Ñ€Ğ¾Ğ¹ĞºĞ°,à¹à¸”à¸›à¹€à¸›à¸­à¸£à¹Œà¸—à¸£à¸µà¹‚à¸­à¸—à¸µà¹ˆà¸¡à¸µà¸ªà¹„à¸•à¸¥à¹Œ,Phong CÃ¡ch Báº£nh Bao,é£å°šç²ç‘ä¸‰ä»¶å¥—,é«˜æ ¼èª¿ä¸‰ä»¶å¥—
SNC126,commerce_item_name_sunlight_sunnyearring,Sunlight Helios Hoops,Sonnenlicht-Helios-Creolen,Pendientes con forma de sol,Boucles HÃ©lios,Helios Hoops Sinar Matahari,Cerchi di luce solare,é™½å…‰ãƒ˜ãƒªã‚ªã‚¹ãƒ•ãƒ¼ãƒ—,í–‡ë¹› íƒœì–‘ì‹  ê·€ê±¸ì´,Argolas Solares,Ğ¡Ğ¾Ğ»Ğ½ĞµÑ‡Ğ½Ñ‹Ğµ Ğ¾Ğ±Ñ€ÑƒÑ‡Ğ¸,à¸«à¹ˆà¸§à¸‡à¹€à¸®à¸¥à¸´à¸­à¸­à¸ªà¹à¸ªà¸‡à¸•à¸°à¸§à¸±à¸™,VÃ²ng Helios Ãnh Máº·t Trá»i,é˜³å…‰èµ«åˆ©ä¿„æ–¯åœ†ç¯,é™½å…‰æ—¥ç¥è€³ç’°
SNC127,commerce_item_name_sunlight_linencover,Sunlight Woven Wrap,Gewebtes Tuch â€Sonnenlichtâ€œ,Chal tejido de luz solar,ChÃ¢le tissÃ© ensoleillÃ©,Bungkus Anyaman Sinar Matahari,Mantello intessuto solare,é™½å…‰ã®ç¾½ç¹”ã‚Š,í–‡ë¹› ë¡œë¸Œ ì¹´ë””ê±´,Poncho Solar,Ğ¡Ğ¾Ğ»Ğ½ĞµÑ‡Ğ½Ğ°Ñ Ñ‚ĞºĞ°Ğ½Ğ°Ñ Ğ½Ğ°ĞºĞ¸Ğ´ĞºĞ°,à¸œà¹‰à¸²à¸«à¹ˆà¸­à¹à¸ªà¸‡à¸•à¸°à¸§à¸±à¸™,KhÄƒn ChoÃ ng Dá»‡t Ãnh Máº·t Trá»i,é˜³å…‰ç¼–ç»‡æŠ«è‚©,é™½å…‰ç·¨ç¹”æŠ«è‚©
SNC128,commerce_item_name_mischief_broomprop,Mischief Withered Broom,Schalk-Besen,Escoba traviesa desgastada,Balai flÃ©tri de la malice,Sapu Layu Kejahilan,Scopa degli scherzetti,ã„ãŸãšã‚‰æ¯ã‚Œæœ¨ç®’,ì¥ë‚œê¾¸ëŸ¬ê¸° ì‹œë“  ë¹—ìë£¨,Vassoura travessa,ĞĞ·Ğ¾Ñ€Ğ½Ğ°Ñ Ğ²Ñ‹ÑĞ¾Ñ…ÑˆĞ°Ñ Ğ¼ĞµÑ‚Ğ»Ğ°,à¹„à¸¡à¹‰à¸à¸§à¸²à¸”à¸£à¹ˆà¸§à¸‡à¹‚à¸£à¸¢à¸‹à¸¸à¸à¸‹à¸™,Chá»•i CÃ¹n Halloween,æ£è›‹èŠ‚æ¯èæ‰«å¸š,æ—è›‹æ¯ææƒæŠŠ
SNC129,commerce_item_name_mischief_ravencape,Mischief Raven-feathered Cloak,Schalk-Rabengefieder-Umhang,Capa de plumas de cuervo de travesuras,Cape de plumes de corbeau de la malice,Jubah Berbulu Gagak Kejahilan,Manto di piume di corvo degli scherzetti,ã„ãŸãšã‚‰ã‚«ãƒ©ã‚¹ã®ç¾½ã‚±ãƒ¼ãƒ—,ì¥ë‚œê¾¸ëŸ¬ê¸° ê¹Œë§ˆê·€ ê¹ƒí„¸ ë§í† ,Manto de penas de corvo travesso,ĞĞ·Ğ¾Ñ€Ğ½Ğ¾Ğ¹ Ğ¿Ğ»Ğ°Ñ‰ Ñ Ğ¿ĞµÑ€ÑŒÑĞ¼Ğ¸ Ğ²Ğ¾Ñ€Ğ¾Ğ½Ğ°,à¹€à¸ªà¸·à¹‰à¸­à¸„à¸¥à¸¸à¸¡à¸‚à¸™à¸™à¸à¹€à¸£à¹€à¸§à¸™à¸­à¸±à¸™à¹à¸ªà¸™à¸‹à¸¸à¸à¸‹à¸™,Ão ChoÃ ng LÃ´ng Quáº¡ Halloween,æ£è›‹èŠ‚æ¸¡é¸¦ç¾½æ¯›æŠ«é£,æ—è›‹æ¸¡é´‰ç¾½æ¯›æ–—ç¯·
SNC130,commerce_item_name_moomin_ninnycape,Moominmamma's Masterpiece,Muminmamas Meisterwerk,La obra maestra de MamÃ¡ Mumin,Chef-dâ€™Å“uvre de Moominmamma,Mahakarya Moominmamma,Capolavoro di Mamma Mumin,ãƒ ãƒ¼ãƒŸãƒ³ãƒãƒãŒã“ã—ã‚‰ãˆãŸãŠæ´‹æœ,ë¬´ë¯¼ë§ˆë§ˆì˜ ê±¸ì‘í’ˆ,Obra de arte da MÃ£e Mumin,Ğ¨ĞµĞ´ĞµĞ²Ñ€ ĞœÑƒĞ¼Ğ¸-Ğ¼Ğ°Ğ¼Ñ‹,à¸œà¸¥à¸‡à¸²à¸™à¸Šà¸´à¹‰à¸™à¹€à¸­à¸à¸‚à¸­à¸‡à¸¡à¸¹à¸¡à¸´à¸™à¸¡à¹ˆà¸²à¸¡à¹Šà¸²,Kiá»‡t TÃ¡c Cá»§a Moominmamma,å§†æ˜å¦ˆå¦ˆçš„æ°ä½œ,å§†æ˜åª½åª½çš„å‚‘ä½œ
SNC131,commerce_item_name_moomin_trollset,Moomintroll Accessory Set,Mumintroll-Accessoireset,Juego de accesorios de Mumin,Ensemble dâ€™accessoires de moomintroll,Set Aksesori Moomintroll,Set di accessori del troll Mumin,ãƒ ãƒ¼ãƒŸãƒ³ãƒˆãƒ­ãƒ¼ãƒ«ãƒ»ã‚¢ã‚¯ã‚»ã‚µãƒªãƒ¼ã‚»ãƒƒãƒˆ,ë¬´ë¯¼íŠ¸ë¡¤ ì•¡ì„¸ì„œë¦¬ ì„¸íŠ¸,Conjunto de acessÃ³rios do Mumintroll,ĞĞ°Ğ±Ğ¾Ñ€ Ğ°ĞºÑĞµÑÑÑƒĞ°Ñ€Ğ¾Ğ² ĞœÑƒĞ¼Ğ¸-Ñ‚Ñ€Ğ¾Ğ»Ğ»Ñ,à¸Šà¸¸à¸”à¸‚à¸­à¸‡à¸›à¸£à¸°à¸”à¸±à¸šà¸¡à¸¹à¸¡à¸´à¸™à¹‚à¸—à¸£à¸¥,Bá»™ Phá»¥ Kiá»‡n Moomintroll,å§†æ˜é…é¥°å¥—è£…,å§†æ˜é…ä»¶çµ„
SNC132,commerce_item_name_moomin_snufkinset,Roving Snufkin Robe Set,Wanderndes Schnupferich-Robenset,Conjunto de Snufkin errante,Tenue de Snufkin errant,Set Jubah Roving Snufkin,Tunica e sciarpa da nomade di Wilson,ã‚¹ãƒŠãƒ•ã‚­ãƒ³ã®æœã‚»ãƒƒãƒˆ,ë‚˜ê·¸ë„¤ ìŠ¤ë„ˆí”„í‚¨ ë¡œë¸Œ ì„¸íŠ¸,Conjunto de manto itinerante do Snufkin,ĞĞ´ĞµĞ¶Ğ´Ğ° Ğ¡Ğ½ÑƒÑĞ¼ÑƒĞ¼Ñ€Ğ¸ĞºĞ°-Ğ¿ÑƒÑ‚ĞµÑˆĞµÑÑ‚Ğ²ĞµĞ½Ğ½Ğ¸ĞºĞ°,à¸Šà¸¸à¸”à¸„à¸¥à¸¸à¸¡à¸ªà¸™à¸±à¸Ÿà¸à¸´à¹Šà¸™à¸à¹€à¸™à¸ˆà¸£,Bá»™ Ão ChoÃ ng Snufkin Lang Thang,é£˜æ³Šå²åŠ›å¥‡é•¿è¢å¥—è£…,å²åŠ›å¥‡æµªè·¡é•·è¢å¥—è£
SNC133,commerce_item_name_moomin_snufkinhat,Pointed Snufkin Hat,Spitzer Schnupferich-Hut,Sombrero puntiagudo de Snufkin,Chapeau pointu Snufkin,Topi Snufkin Runcing,Cappello a punta di Wilson,ã‚¹ãƒŠãƒ•ã‚­ãƒ³ã®ã¨ã‚“ãŒã‚Šå¸½,ë¾°ì¡±í•œ ìŠ¤ë„ˆí”„í‚¨ ëª¨ì,ChapÃ©u pontudo do Snufkin,ĞÑÑ‚Ñ€Ğ¾ĞºĞ¾Ğ½ĞµÑ‡Ğ½Ğ°Ñ ÑˆĞ»ÑĞ¿Ğ° Ğ¡Ğ½ÑƒÑĞ¼ÑƒĞ¼Ñ€Ğ¸ĞºĞ°,à¸«à¸¡à¸§à¸à¸ªà¸™à¸±à¸Ÿà¸à¸´à¹Šà¸™à¸—à¸£à¸‡à¹à¸«à¸¥à¸¡,MÅ© Snufkin Nhá»n,å°–è§’å²åŠ›å¥‡å¸½å­,å²åŠ›å¥‡å°–å¸½
SNC134,commerce_item_name_moomin_hattineck,Hattifattener Shoulder Buddy,Hattifattener Schulterkumpel,Hatifnate para llevar al hombro,Cache-col dâ€™Hatifnatte,Teman Bahu Hattifattener,Fungarello - Peluche da spalla,è‚©ä¹—ã‚Šãƒ‹ãƒ§ãƒ­ãƒ‹ãƒ§ãƒ­,í•´í‹°íŒ¨í‹° ì–´ê¹¨ ì¹œêµ¬,Companheiro de ombro hattifattener,Ğ”Ñ€ÑƒĞ³-Ñ…Ğ°Ñ‚Ğ¸Ñ„Ğ½Ğ°Ñ‚Ñ‚,à¸ªà¸«à¸²à¸¢à¹€à¸à¸²à¸°à¹„à¸«à¸¥à¹ˆ à¹à¸®à¸•à¸•à¸µà¹‰à¹à¸Ÿà¸•à¹€à¸—à¸™à¹€à¸™à¸­à¸£à¹Œ,Báº¡n Äá»“ng HÃ nh Hattifattener,å°ç²¾çµè‚©é¥°,æ¨¹ç²¾æ­è‚©å°å¤¥ä¼´
SNC135,commerce_item_name_musicshop_pianoupright,Fledgling Upright Piano,Junges Klavier,Piano vertical para principiante,Piano droit de novice,Piano Upright Pemula,Pianoforte verticale da principianti,å·£ç«‹ã¡ã®ã‚¢ãƒƒãƒ—ãƒ©ã‚¤ãƒˆãƒ”ã‚¢ãƒ,ì´ˆë³´ììš© ì—…ë¼ì´íŠ¸ í”¼ì•„ë…¸,Piano Vertical Iniciante,ĞœĞ¸Ğ½Ğ¸-Ğ¿Ğ¸Ğ°Ğ½Ğ¸Ğ½Ğ¾,à¹€à¸›à¸µà¸¢à¹‚à¸™à¸¡à¸·à¸­à¹ƒà¸«à¸¡à¹ˆà¸«à¸±à¸”à¹€à¸¥à¹ˆà¸™,Piano Äá»©ng Má»›i Cháº¿ Táº¡o,æ–°æ‰‹ç›´ç«‹å¼é’¢ç´,æ–°æ‰‹è±å¼é‹¼ç´
SNC136,commerce_item_name_musicshop_banduniform,Music Marching Uniform,Musikmarschuniform,Uniforme de marcha musical,Uniforme musical de marche,Seragam Marching Musik,Divisa da marcia musicale,éŸ³æ¥½ãƒãƒ¼ãƒãƒ³ã‚°ãƒãƒ³ãƒ‰ãƒ»ãƒ¦ãƒ‹ãƒ•ã‚©ãƒ¼ãƒ ,ìŒì•…ì˜ í–‰ì§„ ìœ ë‹ˆí¼,Uniforme de Marcha Musical,Ğ¤Ğ¾Ñ€Ğ¼Ğ° Ğ´Ğ»Ñ Ğ¼ÑƒĞ·Ñ‹ĞºĞ°Ğ»ÑŒĞ½Ğ¾Ğ³Ğ¾ Ğ¼Ğ°Ñ€ÑˆĞ°,à¸Šà¸¸à¸”à¹€à¸”à¸´à¸™à¸ªà¸§à¸™à¸ªà¸™à¸²à¸¡à¸”à¸™à¸•à¸£à¸µ,Äá»“ng Phá»¥c Diá»…u HÃ nh Ã‚m Nháº¡c,éŸ³ä¹æ¸¸è¡Œåˆ¶æœ,éŸ³å¾‹è¡Œé€²åˆ¶æœ
SNC137,commerce_item_name_feast_wonderland_pinafore,Wonderland Primrose Pinafore Set,Wunderland-PrimelschÃ¼rze-Set,Vestido con delantal amarillo del PaÃ­s de las Maravillas,Ensemble Tablier primevÃ¨re du pays des merveilles,Set Primrose Pinafore Wonderland,Completo grembiule di primule del Paese delle Meraviglie,ä¸æ€è­°ã®ã‚¨ãƒ—ãƒ­ãƒ³ãƒ‰ãƒ¬ã‚¹,ì´ìƒí•œ ë‚˜ë¼ì˜ í”„ë¦¼ë¡œì¦ˆ í”¼ë‚˜í¬ë ˆ ì„¸íŠ¸,Conjunto PaÃ­s das Maravilhas Florido com Avental,ĞĞ°Ğ±Ğ¾Ñ€ Â«Ğ¡Ğ°Ñ€Ğ°Ñ„Ğ°Ğ½ Ñ‡ÑƒĞ´ĞµÑ Ğ¸Ğ· Ğ¿ĞµÑ€Ğ²Ğ¾Ñ†Ğ²ĞµÑ‚Ğ¾Ğ²Â»,à¸Šà¸¸à¸”à¸œà¹‰à¸²à¸à¸±à¸™à¹€à¸›à¸·à¹‰à¸­à¸™à¸¥à¸²à¸¢à¸à¸£à¸´à¸¡à¹‚à¸£à¸ªà¸§à¸±à¸™à¹€à¸”à¸­à¸£à¹Œà¹à¸¥à¸™à¸”à¹Œ,Bá»™ Ão ChoÃ ng Anh Tháº£o Wonderland,ä»™å¢ƒæŠ¥æ˜¥èŠ±å›´è£™å¥—è£…,ä»™å¢ƒå ±æ˜¥èŠ±åœè£™å¥—è£
SNC138,commerce_item_name_feast_wonderland_crabbithole,Wonderland Cafe Corridor,Wunderland-CafÃ©-Flur,Pasillo del CafÃ© de las Maravillas,Corridor du cafÃ© du pays des merveilles,Koridor Kafe Wonderland,Corridoio della Caffetteria del Paese delle Meraviglie,ä¸æ€è­°ã®ã‚«ãƒ•ã‚§ã®é€šã‚Šé“,ì´ìƒí•œ ë‚˜ë¼ì˜ ì¹´í˜ ë³µë„,Corredor do CafÃ© das Maravilhas,ĞšĞ¾Ñ€Ğ¸Ğ´Ğ¾Ñ€ ĞºĞ°Ñ„Ğµ Ñ‡ÑƒĞ´ĞµÑ,à¸£à¸°à¹€à¸šà¸µà¸¢à¸‡à¸„à¸²à¹€à¸Ÿà¹ˆà¸§à¸±à¸™à¹€à¸”à¸­à¸£à¹Œà¹à¸¥à¸™à¸”à¹Œ,HÃ nh Lang QuÃ¡n CÃ  PhÃª Wonderland,ä»™å¢ƒå’–å•¡å…èµ°å»Š,ä»™å¢ƒå’–å•¡å»³èµ°å»Š
SNC139,commerce_item_name_fortune_snakecapehair,Fortune Snake Coif and Cloak,GlÃ¼cksschlangenhaube und -umhang,Peinado y capa de serpiente de la fortuna,Coiffe et manteau de serpent enchantÃ©s,Jubah dan Koif Ular Keberuntungan,Mantello e acconciatura del serpente della fortuna,æ¥ç¦ã®è›‡é«ªã¨å¤–å¥—,í–‰ë³µ ë±€ ë‘ê±´ê³¼ ë§í† ,Capa e Cabelo da Serpente da Fortuna,Ğ—Ğ¼ĞµĞ¸Ğ½Ğ°Ñ Ğ¿Ñ€Ğ¸Ñ‡Ñ‘ÑĞºĞ° Ğ¸ Ğ½Ğ°ĞºĞ¸Ğ´ĞºĞ° Ğº Ğ”Ğ½ÑĞ¼ ÑƒĞ´Ğ°Ñ‡Ğ¸,à¹€à¸ªà¸·à¹‰à¸­à¸„à¸¥à¸¸à¸¡à¹à¸¥à¸°à¸œà¹‰à¸²à¸„à¸¥à¸¸à¸¡à¸‡à¸¹à¸™à¸³à¹‚à¸Šà¸„,Ão VÃ  MÅ© May Máº¯n Cá»§a Ráº¯n,å¹¸è¿è›‡å½¢å‘é¥°å’ŒæŠ«é£,å¹¸é‹è›‡é«®èˆ‡æ–—ç¯·
SNC140,commerce_item_name_fortune_fanprop,Fortune Hand Fan,GlÃ¼cksfÃ¤cher,Abanico de la fortuna,Ã‰ventail enchantÃ©,Kipas Tangan Keberuntungan,Ventaglio della fortuna,æ¥ç¦æ‰‡å­,í–‰ë³µ ë¶€ì±„,Leque da Fortuna,Ğ’ĞµĞµÑ€ Ğº Ğ”Ğ½ÑĞ¼ ÑƒĞ´Ğ°Ñ‡Ğ¸,à¸à¸±à¸”à¸¡à¸·à¸­à¹‚à¸Šà¸„à¸¥à¸²à¸ ,Quáº¡t Tay May Máº¯n,å¹¸è¿æ‰‹æ‰‡,å¹¸é‹æŠ˜æ‰‡
SNC141,commerce_item_name_love_meteorpigtails,Days of Love Amethyst-Tipped Tails,â€Tage der Liebeâ€œ-ZÃ¶pfe mit Amethyst-Spitzen,Coletas con punta de amatista de los dÃ­as de amor,Pointes de couettes pourpres des Jours de l'amour,Ekor Berujung Amethyst Hari Kasih Sayang,Codine con punte ametista dei Giorni dell'Amore,æ„›ã—ã¿ã®ç´«æ°´æ™¶ãƒ„ã‚¤ãƒ³ãƒ†ãƒ¼ãƒ«,ì‚¬ë‘ì˜ ë‚  ììˆ˜ì • ë ë•‹ì€ ë¨¸ë¦¬,Caudas com Ponta de Ametista dos Dias de Amor,ĞĞ¼ĞµÑ‚Ğ¸ÑÑ‚Ğ¾Ğ²Ñ‹Ğµ Ñ…Ğ²Ğ¾ÑÑ‚Ğ¸ĞºĞ¸ ĞºĞ¾ Ğ”Ğ½ÑĞ¼ Ğ»ÑĞ±Ğ²Ğ¸,à¹€à¸›à¸µà¸¢à¸›à¸£à¸°à¸”à¸±à¸šà¸­à¹€à¸¡à¸—à¸´à¸ªà¸•à¹Œà¸§à¸±à¸™à¹à¸«à¹ˆà¸‡à¸„à¸§à¸²à¸¡à¸£à¸±à¸,ÄuÃ´i Tháº¡ch Anh TÃ­m NgÃ y TÃ¬nh YÃªu,çˆ±ä¹‹åº†å…¸ç´«æ°´æ™¶å°–ç«¯è¾«å­,æ„›ä¹‹æ…¶å…¸ç´«æ°´æ™¶æŒ‘æŸ“é¦¬å°¾
SNC142,commerce_item_name_love_crystalhearts,Days of Love Amethyst Accessory,â€Tage der Liebeâ€œ-Amethyst-Accessoire,Accesorio de amatista de los dÃ­as de amor,Accessoire AmÃ©thyste des Jours de l'amour,Aksesori Amethyst Hari Kasih Sayang,Accessorio ametista dei Giorni dell'Amore,æ„›ã—ã¿ã®ç´«æ°´æ™¶ã‚¢ã‚¯ã‚»ã‚µãƒªãƒ¼,ì‚¬ë‘ì˜ ë‚  ììˆ˜ì • ì•¡ì„¸ì„œë¦¬,AcessÃ³rio Ametista dos Dias de Amor,ĞĞ¼ĞµÑ‚Ğ¸ÑÑ‚Ğ¾Ğ²Ñ‹Ğ¹ Ğ°ĞºÑĞµÑÑÑƒĞ°Ñ€ ĞºĞ¾ Ğ”Ğ½ÑĞ¼ Ğ»ÑĞ±Ğ²Ğ¸,à¸‚à¸­à¸‡à¸›à¸£à¸°à¸”à¸±à¸šà¸­à¹€à¸¡à¸—à¸´à¸ªà¸•à¹Œà¸§à¸±à¸™à¹à¸«à¹ˆà¸‡à¸„à¸§à¸²à¸¡à¸£à¸±à¸,Phá»¥ Kiá»‡n Tháº¡ch Anh TÃ­m NgÃ y TÃ¬nh YÃªu,çˆ±ä¹‹åº†å…¸ç´«æ°´æ™¶é¥°å“,æ„›ä¹‹æ…¶å…¸ç´«æ°´æ™¶é ­é£¾
SNC143,commerce_item_name_treasure_eyepatchpants,Treasure Seeker's Bounty,Beute des Schatzsuchers,BotÃ­n de la bÃºsqueda del tesoro,Prime du chasseur de trÃ©sors,Hadiah bagi Pencari Harta Karun,Ricompensa del cerca-tesori,ãƒˆãƒ¬ã‚¸ãƒ£ãƒ¼ãƒãƒ³ã‚¿ãƒ¼ã®è²¡å®,ë³´ë¬¼ íƒìƒ‰ìì˜ í¬ìƒê¸ˆ,Recompensa do CaÃ§ador de Tesouros,Ğ”Ğ¾Ğ±Ñ‹Ñ‡Ğ° Ğ¸ÑĞºĞ°Ñ‚ĞµĞ»Ñ ÑĞ¾ĞºÑ€Ğ¾Ğ²Ğ¸Ñ‰,à¸£à¸²à¸‡à¸§à¸±à¸¥à¸‚à¸­à¸‡à¸œà¸¹à¹‰à¹à¸ªà¸§à¸‡à¸«à¸²à¸ªà¸¡à¸šà¸±à¸•à¸´,Kho BÃ¡u Cá»§a Káº» SÄƒn TÃ¬m,å¯»å®è€…çš„å¥–èµ,å°‹å¯¶çµäººçš„çè³
SNC144,commerce_item_name_bloom_rosewing,Bloom Rose-Embroidered Cape,Rosenverzierter BlÃ¼tenumhang,Capa bordada: rosa en flor,Cape brodÃ©e rose,Jubah Sulaman Mawar Bermekaran,Mantello con rose ricamate,èŠ±ç¬‘ã‚€è–”è–‡ã®è£…é£¾ã‚±ãƒ¼ãƒ—,ê½ƒë†€ì´ ì¥ë¯¸ ììˆ˜ ë§í† ,Capa bordada com rosas do Florescer,Ğ Ğ°ÑÑˆĞ¸Ñ‚Ğ°Ñ Ñ€Ğ¾Ğ·Ğ°Ğ¼Ğ¸ Ğ½Ğ°ĞºĞ¸Ğ´ĞºĞ° Ñ†Ğ²ĞµÑ‚ĞµĞ½Ğ¸Ñ,à¹€à¸ªà¸·à¹‰à¸­à¸„à¸¥à¸¸à¸¡à¸¥à¸²à¸¢à¸à¸¸à¸«à¸¥à¸²à¸šà¹€à¸šà¹ˆà¸‡à¸šà¸²à¸™,Ão ChoÃ ng ThÃªu Hoa Ná»Ÿ Rá»™,èŠ±æ†©ç«ç‘°åˆºç»£æ–—ç¯·,èŠ±æ†©ç«ç‘°åˆºç¹¡æ–—ç¯·
SNC145,commerce_item_name_nature_maskwaves,Ocean Waves Mask,â€Ozeanwellenâ€œ-Maske,MÃ¡scara de olas marinas,Masque vagues ocÃ©aniques,Topeng Gelombang Laut,Maschera onde dell'oceano,ã‚ªãƒ¼ã‚·ãƒ£ãƒ³ãƒ»ã‚¦ã‚§ãƒ¼ãƒ–ãƒ»ãƒã‚¹ã‚¯,ë°”ë‹¤ íŒŒë„ ê°€ë©´,MÃ¡scara de Ondas do Oceano,ĞœĞ°ÑĞºĞ° Â«ĞĞºĞµĞ°Ğ½ÑĞºĞ¸Ğµ Ğ²Ğ¾Ğ»Ğ½Ñ‹Â»,à¸«à¸™à¹‰à¸²à¸à¸²à¸à¸„à¸¥à¸·à¹ˆà¸™à¸—à¸°à¹€à¸¥,Máº·t Náº¡ SÃ³ng Biá»ƒn,æµ·æµªé¢å…·,æµ·æµªé¢å…·
SNC146,commerce_item_name_nature_seafoamset,Ocean Sea Foam Set,â€Ozeangischtâ€œ-Set,Conjunto de espuma oceÃ¡nica,Ensemble embruns ocÃ©aniques,Set Busa Laut Samudra,Set schiuma dell'oceano,æµ·ã®æ³¡æ²«ãƒ‘ãƒƒã‚¯,ë°”ë‹¤ ê±°í’ˆ ì„¸íŠ¸,Conjunto de Espuma do Oceano,ĞĞ°Ğ±Ğ¾Ñ€ Â«ĞĞºĞµĞ°Ğ½ÑĞºĞ°Ñ Ğ¿ĞµĞ½Ğ°Â»,à¸Šà¸¸à¸”à¹‚à¸Ÿà¸¡à¸—à¹‰à¸­à¸‡à¸—à¸°à¹€à¸¥à¸¡à¸«à¸²à¸ªà¸¡à¸¸à¸—à¸£,Bá»™ Bá»t Biá»ƒn Äáº¡i DÆ°Æ¡ng,æµ·æ´‹æ³¡æ²«å¥—è£…,æµ·æ´‹æ³¡æ²«å¥—è£
SNC147,commerce_item_name_rainbow_facepaint,Rainbow Facepaint,â€Regenbogenâ€œ-Gesichtsbemalung,Pintura facial de arcoÃ­ris,Visage peint arc-en-ciel,Cat Wajah Pelangi,Pittura facciale arcobaleno,å½©ãªã™ãƒ•ã‚§ã‚¤ã‚¹ãƒšã‚¤ãƒ³ãƒˆ,ë¬´ì§€ê°œ í˜ì´ìŠ¤í˜ì¸íŒ…,Pintura Facial de Arco-Ã­ris,ĞšÑ€Ğ°ÑĞºĞ° Ğ´Ğ»Ñ Ğ»Ğ¸Ñ†Ğ° Â«Ğ Ğ°Ğ´ÑƒĞ³Ğ°Â»,à¸ªà¸µà¸—à¸²à¸«à¸™à¹‰à¸²à¸ªà¸²à¸¢à¸£à¸¸à¹‰à¸‡,Váº½ Máº·t Cáº§u Vá»“ng,å½©è™¹è„¸éƒ¨å½©ç»˜,å½©è™¹è‡‰éƒ¨å½©ç¹ª
SNC148,commerce_item_name_rainbow_shawl,Rainbow Shawl,â€Regenbogenâ€œ-Schal,Chal de arcoÃ­ris,ChÃ¢le arc-en-ciel,Selendang Pelangi,Scialle arcobaleno,å½©ãªã™ã‚·ãƒ§ãƒ¼ãƒ«,ë¬´ì§€ê°œ ìˆ„,Xale Arco-Ã­ris,ĞŸĞ»Ğ°Ñ‚Ğ¾Ğº Â«Ğ Ğ°Ğ´ÑƒĞ³Ğ°Â»,à¸œà¹‰à¸²à¸„à¸¥à¸¸à¸¡à¹„à¸«à¸¥à¹ˆà¸ªà¸²à¸¢à¸£à¸¸à¹‰à¸‡,KhÄƒn ChoÃ ng Cáº§u Vá»“ng,å½©è™¹æŠ«è‚©,å½©è™¹æŠ«è‚©
SNC149,commerce_item_name_anniversary_cinema,Anniversary Cinema Set,Kino-JubilÃ¤umsset,Conjunto de cine conmemorativo,Plateau de cinÃ©ma anniversaire,Set Bioskop Ulang Tahun,Set cinematografico per l'anniversario,ã‚¢ãƒ‹ãƒãƒ¼ã‚µãƒªãƒ¼ã‚·ã‚¢ã‚¿ãƒ¼ãƒ‘ãƒƒã‚¯,ê¸°ë…ì¼ ì˜í™”ê´€ ì„¸íŠ¸,Conjunto CinematogrÃ¡fico de AniversÃ¡rio,Ğ®Ğ±Ğ¸Ğ»ĞµĞ¹Ğ½Ñ‹Ğ¹ ĞºĞ¸Ğ½Ğ¾Ğ½Ğ°Ğ±Ğ¾Ñ€,à¸Šà¸¸à¸”à¸ à¸²à¸à¸¢à¸™à¸•à¸£à¹Œà¸‰à¸¥à¸­à¸‡à¸„à¸£à¸šà¸£à¸­à¸š,Bá»™ Ráº¡p Phim Ká»· Niá»‡m,å‘¨å¹´åº† å…‰é‡å½±é™¢ç»„åˆ,é€±å¹´æ…¶ å…‰é‡å½±é™¢çµ„åˆ
SNC150,commerce_item_name_tgcwireframe_evergreen,TGC Wireframe Cape,TGC-Drahtmodellumhang,Capa esquemÃ¡tica de TGC,Cape constellation TGC,Jubah Kerangka Kawat TGC,Mantello con crinolina TGC,TGCãƒ¯ã‚¤ãƒ¤ãƒ¼ãƒ•ãƒ¬ãƒ¼ãƒ ã‚±ãƒ¼ãƒ—,TGC ì™€ì´ì–´í”„ë ˆì„ ë§í† ,Capa metÃ¡lica da TGC,ĞĞ°ĞºĞ¸Ğ´ĞºĞ° TGC Â«Ğ¡Ğ¾Ğ·Ğ²ĞµĞ·Ğ´Ğ¸ĞµÂ»,à¹€à¸ªà¸·à¹‰à¸­à¸„à¸¥à¸¸à¸¡à¹„à¸§à¸£à¹Œà¹€à¸Ÿà¸£à¸¡ TGC,Ão ChoÃ ng Khung DÃ¢y TGC,TGC çº¿æ¡†çº¹æ–—ç¯·,TGC ç·šæ¡†ç´‹æ–—ç¯·
SNC151,commerce_item_name_anniversary_tuxwing,Anniversary Tuxedo Cape,Smoking-Cape zum JubilÃ¤um,Capa de esmoquin de aniversario,Cape de smoking anniversaire,Jubah Tuxedo Ulang Tahun,Smoking Anniversario,ã‚¢ãƒ‹ãƒãƒ¼ã‚µãƒªãƒ¼ã‚¿ã‚­ã‚·ãƒ¼ãƒ‰ã‚±ãƒ¼ãƒ—,ê¸°ë…ì¼ í„±ì‹œë„ ë§í† ,Capa do smoking de aniversÃ¡rio,Ğ®Ğ±Ğ¸Ğ»ĞµĞ¹Ğ½Ñ‹Ğ¹ ÑĞ¼Ğ¾ĞºĞ¸Ğ½Ğ³-Ğ½Ğ°ĞºĞ¸Ğ´ĞºĞ°,à¹€à¸ªà¸·à¹‰à¸­à¸„à¸¥à¸¸à¸¡à¸—à¸±à¸à¸‹à¸´à¹‚à¸”à¹‰à¸§à¸±à¸™à¸‰à¸¥à¸­à¸‡à¸„à¸£à¸šà¸£à¸­à¸š,Ão ChoÃ ng Tuxedo Ká»· Niá»‡m,å‘¨å¹´åº†ç‡•å°¾æœæ–—ç¯·,é€±å¹´æ…¶å…¸ç‡•å°¾æ–—ç¯·
SNC152,commerce_item_name_anniversary_gownshoes,Anniversary Gown Ensemble,JubilÃ¤umsgarderobe-Ensemble,Conjunto de vestido de aniversario,Ensemble anniversaire,Gaun Spesial Ulang Tahun,Abito Anniversario,ã‚¢ãƒ‹ãƒãƒ¼ã‚µãƒªãƒ¼ãƒ­ãƒ³ã‚°ãƒ‰ãƒ¬ã‚¹ãƒ‘ãƒƒã‚¯,ê¸°ë…ì¼ ê°€ìš´ ì˜ìƒ ì„¸íŠ¸,Conjunto de vestido de aniversÃ¡rio,Ğ®Ğ±Ğ¸Ğ»ĞµĞ¹Ğ½Ñ‹Ğ¹ Ğ°Ğ½ÑĞ°Ğ¼Ğ±Ğ»ÑŒ Ñ Ğ¿Ğ»Ğ°Ñ‚ÑŒĞµĞ¼,à¸Šà¸¸à¸”à¸£à¸²à¸•à¸£à¸µà¸§à¸±à¸™à¸‰à¸¥à¸­à¸‡à¸„à¸£à¸šà¸£à¸­à¸š,Äáº§m Giao HÆ°á»Ÿng Ká»· Niá»‡m,å‘¨å¹´åº†ç¤¼æœå¥—è£…,é€±å¹´æ…¶å…¸ç¦®æœå¥—çµ„
SNC153,commerce_item_name_ember_memoryhat,Butterfly Blossom Memento,SchmetterlingsblÃ¼ten-Memento,Recuerdo de flor de mariposa,Souvenir fleur papillon,Souvenir Bunga Kupu-kupu,Memento con farfalle e fiori,è¶èŠ±ã®é«ªé£¾ã‚Š,ë‚˜ë¹„ ê½ƒì¥ì‹ ê¸°ë…í’ˆ,LembranÃ§a de borboleta florida,ĞŸĞ°Ğ¼ÑÑ‚Ğ½Ğ¾Ğµ ÑƒĞºÑ€Ğ°ÑˆĞµĞ½Ğ¸Ğµ: Ğ±Ğ°Ğ±Ğ¾Ñ‡ĞºĞ° Ğ² Ñ†Ğ²ĞµÑ‚Ğ°Ñ…,à¸‚à¸­à¸‡à¸—à¸µà¹ˆà¸£à¸°à¸¥à¸¶à¸à¸œà¸µà¹€à¸ªà¸·à¹‰à¸­à¹€à¸šà¹ˆà¸‡à¸šà¸²à¸™,Ká»· Váº­t Hoa BÆ°á»›m,è´è¶ç»½æ”¾å¤´é¥°,è´è¶ç¶»æ”¾é ­é£¾
SNC154,commerce_item_name_ember_darknesscape,Cloak of Darkness,Mantel der Finsternis,Capa de la oscuridad,Manteau de tÃ©nÃ¨bres,Jubah Kegelapan,Mantello dell'oscuritÃ ,é—‡ã®å¤–å¥—,ì–´ë‘ ì˜ ë§í† ,Capa e escuridÃ£o,ĞŸĞ»Ğ°Ñ‰ Ñ‚ÑŒĞ¼Ñ‹,à¹€à¸ªà¸·à¹‰à¸­à¸„à¸¥à¸¸à¸¡à¹à¸«à¹ˆà¸‡à¸„à¸§à¸²à¸¡à¸¡à¸·à¸”,Ão ChoÃ ng BÃ³ng Tá»‘i,é»‘æš—æŠ«é£,å†¥é—‡æŠ«é¢¨
SNC155,commerce_item_name_ember_manateehat,Mini Manatee Accessory,Mini-Seekuh-Accessoire,Accesorio de minimanatÃ­,Mini-accessoire lamantin,Aksesori Manatee Mini,Mini accessorio lamantino,å°ã•ãªãƒãƒŠãƒ†ã‚£,ì‘ì€ ë§¤ë„ˆí‹° ì•…ì„¸ì‚¬ë¦¬,Mini acessÃ³rio de peixe-boi,ĞĞºÑĞµÑÑÑƒĞ°Ñ€: Ğ¼Ğ¸Ğ½Ğ¸Ğ°Ñ‚ÑÑ€Ğ½Ñ‹Ğ¹ Ğ»Ğ°Ğ¼Ğ°Ğ½Ñ‚Ğ¸Ğ½,à¸‚à¸­à¸‡à¸›à¸£à¸°à¸”à¸±à¸šà¸à¸°à¸¢à¸¹à¸™à¸ˆà¸´à¹‹à¸§,Phá»¥ Kiá»‡n Heo Biá»ƒn Mini,è¿·ä½ æµ·ç‰›é¥°å“,è¿·ä½ æµ·ç‰›é£¾å“
SNC156,commerce_item_name_ember_manateeplush,Manatee Plush,SeekuhplÃ¼schtier,Peluche de manatÃ­,Peluche lamantin,Boneka Manatee,Peluche lamantino,ãƒãƒŠãƒ†ã‚£ã¬ã„ãã‚‹ã¿,ë§¤ë„ˆí‹° ì¸í˜•,PelÃºcia de peixe-boi,ĞŸĞ»ÑÑˆĞµĞ²Ñ‹Ğ¹ Ğ»Ğ°Ğ¼Ğ°Ğ½Ñ‚Ğ¸Ğ½,à¸•à¸¸à¹Šà¸à¸•à¸²à¸à¸°à¸¢à¸¹à¸™,Heo Biá»ƒn BÃ´ng,æµ·ç‰›ç©å¶,æµ·ç‰›ç©å¶
SNC157,commerce_item_name_ember_manateeset,Spirited Manatee Ensemble,Lebhaftes Seekuh-Ensemble,Conjunto de manatÃ­ vivaz,Ensemble d'esprit lamantin,Ensemble Manatee Penuh Semangat,Set lamantino giocoso,å…ƒæ°—ã„ã£ã±ã„ãƒãƒŠãƒ†ã‚£ãƒ‘ãƒƒã‚¯,í™œê¸°ì°¬ ë§¤ë„ˆí‹° ì˜ìƒ ì„¸íŠ¸,Conjunto de peixe-boi animado,ĞĞ°Ğ±Ğ¾Ñ€: Ğ´ÑƒÑ… Ğ»Ğ°Ğ¼Ğ°Ğ½Ñ‚Ğ¸Ğ½Ğ°,à¸Šà¸¸à¸”à¸à¸°à¸¢à¸¹à¸™à¸—à¸µà¹ˆà¹€à¸›à¸µà¹ˆà¸¢à¸¡à¸”à¹‰à¸§à¸¢à¸Šà¸µà¸§à¸´à¸•à¸Šà¸µà¸§à¸²,Heo Biá»ƒn Linh Hoáº¡t,æ´»åŠ›æµ·ç‰›å¥—è£…,æ´»åŠ›æµ·ç‰›å¥—çµ„
SNC158,commerce_item_name_ember_krillset,Vestige of Dark Dragons,Vestige der Dunklen Drachen,Vestigio de dragones oscuros,Vestige des dragons noirs,Sisa-sisa Naga Kegelapan,Vestigia dei draghi oscuri,æš—é»’ç«œã®ç—•è·¡,ë‹¤í¬ ë“œë˜ê³¤ì˜ í”ì ,VestÃ­gio dos dragÃµes sombrio,ĞÑÑ‚Ğ°Ğ½ĞºĞ¸ Ñ‚ĞµĞ¼Ğ½Ñ‹Ñ… Ğ´Ñ€Ğ°ĞºĞ¾Ğ½Ğ¾Ğ²,à¸£à¹ˆà¸­à¸‡à¸£à¸­à¸¢à¸‚à¸­à¸‡à¸¡à¸±à¸‡à¸à¸£à¸—à¸¡à¸´à¸¬,Dáº¥u Váº¿t Rá»“ng BÃ³ng Tá»‘i,å†¥é¾™å°¾è¿¹å¥—è£…,å†¥é¾ä¹‹è·¡å¥—è£
SNC159,commerce_item_name_ember_projector,Projector of Memories,Projektor der Erinnerungen,Proyector de recuerdos,Projecteur de Souvenirs,Proyektor Kenangan,Proiettore di ricordi,è¨˜æ†¶ã®æ˜ å†™æ©Ÿ,ê¸°ì–µì˜ ì˜ì‚¬ê¸°,Projetor de LembranÃ§as,ĞŸÑ€Ğ¾ĞµĞºÑ‚Ğ¾Ñ€ Ğ²Ğ¾ÑĞ¿Ğ¾Ğ¼Ğ¸Ğ½Ğ°Ğ½Ğ¸Ğ¹,à¹€à¸„à¸£à¸·à¹ˆà¸­à¸‡à¸‰à¸²à¸¢à¸„à¸§à¸²à¸¡à¸—à¸£à¸‡à¸ˆà¸³,MÃ¡y Chiáº¿u KÃ½ á»¨c,è®°å¿†æ”¾æ˜ æœº,å›æ†¶æŠ•å½±æ©Ÿ
SNC161,commerce_item_name_sunlight_jellypack,Sunlight Bonnet Bundle,Sonnenlicht-MÃ¼tzen-BÃ¼ndel,Paquete de tocados de luz solar,Pack Bonnet EnsoleillÃ©,Paket Topi Bonnet Matahari,Giorni Solari - Pacchetto cuffietta,é™½å…‰ãƒœãƒ³ãƒãƒƒãƒˆã‚»ãƒƒãƒˆ,í–‡ë¹› ë³´ë‹› ë²ˆë“¤,Conjunto ChapÃ©u Ensolarado,ĞĞ°Ğ±Ğ¾Ñ€ ÑĞ¾Ğ»Ğ½ĞµÑ‡Ğ½Ñ‹Ñ… Ñ‡ĞµĞ¿Ñ‡Ğ¸ĞºĞ¾Ğ²,à¸Šà¸¸à¸”à¸šà¸±à¸™à¹€à¸”à¸´à¸¥à¸«à¸¡à¸§à¸à¹à¸ªà¸‡à¸•à¸°à¸§à¸±à¸™,GÃ³i MÅ© Che Náº¯ng,é˜³å…‰è½¯å¸½ç¤¼åŒ…,é™½å…‰è»Ÿå¸½å¥—çµ„
SNC162,commerce_item_name_moonlight_cape,Moonlight Garland Cape,Mondlichtgirlanden-Umhang,Capa de guirnaldas de luz de luna,Cape Guirlande de Clair de Lune,Jubah Selendang Bulan Purnama,Chiaro di Luna - Mantello ghirlanda,æœˆç¯ã‚Šç¾½è¡£ã‚±ãƒ¼ãƒ—,ë‹¬ë¹› í™”í™˜ ë§í† ,Capa Grinalda do Luar,ĞĞ°ĞºĞ¸Ğ´ĞºĞ° Ğ»ÑƒĞ½Ğ½Ğ¾Ğ¹ Ğ³Ğ¸Ñ€Ğ»ÑĞ½Ğ´Ñ‹,à¹€à¸ªà¸·à¹‰à¸­à¸„à¸¥à¸¸à¸¡à¸¡à¸²à¸¥à¸±à¸¢à¹à¸ªà¸‡à¸ˆà¸±à¸™à¸—à¸£à¹Œ,Ão ChoÃ ng Hoa TrÄƒng,æœˆå…‰èŠ±ç¯æ–—ç¯·,æœˆè¯ç·æ–—ç¯·
SNC170,commerce_item_name_mischief_cattail,Mischief Feline Accessory Duo,Schalk Katzen-Accessoire-Duo,DÃºo de accesorios felinos de las travesuras,Duo d'accessoires fÃ©lins malicieux,Aksesori Duo Kucing Kejahilan,Scherzetti - Coppia di accessori felini,çŒ«ã­ã“ã‚¢ã‚¯ã‚»ã‚µãƒªãƒ¼ãƒ‘ãƒƒã‚¯,ì¥ë‚œê¾¸ëŸ¬ê¸° ê³ ì–‘ì´ ì•¡ì„¸ì„œë¦¬ ë“€ì˜¤,Dupla de AcessÃ³rios Felinos da Travessura,ĞŸĞ°Ñ€Ğ° Ğ°ĞºÑĞµÑÑÑƒĞ°Ñ€Ğ¾Ğ² ÑƒÑĞ°Ñ‚Ğ¾Ğ³Ğ¾ Ğ¾Ğ·Ğ¾Ñ€Ğ½Ğ¸ĞºĞ°,à¸‚à¸­à¸‡à¸›à¸£à¸°à¸”à¸±à¸šà¸„à¸¹à¹ˆà¹à¸¡à¸§à¹€à¸«à¸¡à¸µà¸¢à¸§à¸ˆà¸­à¸¡à¸‹à¸™,Phá»¥ Kiá»‡n MÃ¨o Tinh Nghá»‹ch,æ£è›‹èŠ‚çŒ«å’ªé¥°å“å¥—ç»„,æ—è›‹ç¯€è²“å’ªé£¾å“çµ„
SNC171,commerce_item_name_mischief_featherhat,Mischief Puzzlewright's Brimmed Hat,Schalk RÃ¤tselmachers Krempenhut,Sombrero con ala del puzleturgo de las travesuras,Chapeau large de pro des Ã©nigmes malicieux,Topi Bertepi Puzzlewright Kejahilan,Scherzetti - Cappello a tesa larga dell'enigmista,ã„ãŸãšã‚‰ãƒ‘ã‚ºãƒ«ä½œå®¶ã®ã¤ã°ä»˜ãå¸½,ì¥ë‚œê¾¸ëŸ¬ê¸° í¼ì¦ ì œì‘ìì˜ ì±™ ë„“ì€ ëª¨ì,ChapÃ©u de Criador de Travessuras,Ğ¨Ğ¸Ñ€Ğ¾ĞºĞ¾Ğ¿Ğ¾Ğ»Ğ°Ñ ÑˆĞ»ÑĞ¿Ğ° ĞœĞ°ÑÑ‚ĞµÑ€Ğ° Ğ¿Ğ¾ Ğ³Ğ¾Ğ»Ğ¾Ğ²Ğ¾Ğ»Ğ¾Ğ¼ĞºĞ°Ğ¼,à¸«à¸¡à¸§à¸à¸›à¸µà¸à¸à¸§à¹‰à¸²à¸‡à¸‚à¸­à¸‡à¸œà¸¹à¹‰à¸ªà¸£à¹‰à¸²à¸‡à¸›à¸£à¸´à¸¨à¸™à¸²à¸ˆà¸­à¸¡à¸‹à¸™,MÅ© Tinh Nghá»‹ch Cá»§a Chá»§ NhÃ¢n CÃ¢u Äá»‘,æ£è›‹èŠ‚è°œé¢˜å¸ˆå®½æ²¿å¸½,æ—è›‹ç¯€è¬åŒ å¯¬æ²¿å¸½
SNC172,commerce_item_name_feast_scarfcape,Winter Scarf Cape,Winterschal-Umhang,Capa y bufanda invernales,Cape Ã©charpe hivernale,Jubah Syal Musim Dingin,Mantello sciarpa invernale,å†¬ç·¨ã‚€é›ªèŠ±ãƒãƒ•ãƒ©ãƒ¼,ê²¨ìš¸ ìŠ¤ì¹´í”„ ë§í† ,Capa de cachecol de inverno,ĞĞ°ĞºĞ¸Ğ´ĞºĞ° Â«Ğ—Ğ¸Ğ¼Ğ½Ğ¸Ğ¹ ÑˆĞ°Ñ€Ñ„Â»,à¹€à¸ªà¸·à¹‰à¸­à¸„à¸¥à¸¸à¸¡à¸œà¹‰à¸²à¸à¸±à¸™à¸„à¸­à¸¤à¸”à¸¹à¸«à¸™à¸²à¸§,Ão ChoÃ ng KhÄƒn ÄÃ´ng,å†¬æ—¥å›´å·¾æ–—ç¯·,å†¬æ—¥åœå·¾æ–—ç¯·
SNC173,commerce_item_name_feast_warmerset,Fluffy Winter Wear,Flauschige Winterkleidung,Ropa invernal esponjosa,Tenue hivernale,Pakaian Berbulu Musim Dingin,Abbigliamento invernale morbido,å†¬ç·¨ã‚€ãµã‚ãµã‚å°ç‰©ãƒ‘ãƒƒã‚¯,í‘¹ì‹ í•œ ê²¨ìš¸ ë³µì¥,Roupas de inverno fofinhas,ĞŸÑƒÑˆĞ¸ÑÑ‚Ğ¾Ğµ Ğ·Ğ¸Ğ¼Ğ½ĞµĞµ Ğ¾Ğ´ĞµÑĞ½Ğ¸Ğµ,à¸Šà¸¸à¸”à¸¤à¸”à¸¹à¸«à¸™à¸²à¸§à¸›à¸¸à¸à¸›à¸¸à¸¢,Trang Phá»¥c ÄÃ´ng XÃ¹,è“¬æ¾å†¬è£…,è“¬é¬†å†¬è£
SNC174,commerce_item_name_feast_snowkidhat,Snowkid Accessory,Schneekind-Accessoire,Accesorio del niÃ±o de nieve,Accessoire d'enfant des neiges,Aksesori Snowkid,Accessorio figli della neve,ã‚†ãã‚“ã“ã‚¢ã‚¯ã‚»ã‚µãƒªãƒ¼,ëˆˆì˜ ì•„ì´ ì•¡ì„¸ì„œë¦¬,AcessÃ³rio de crianÃ§a de neve,ĞĞºÑĞµÑÑÑƒĞ°Ñ€ Ğ´ĞµÑ‚ĞµĞ¹ ÑĞ½ĞµĞ³Ğ°,à¸‚à¸­à¸‡à¸•à¸à¹à¸•à¹ˆà¸‡à¸ªà¹‚à¸™à¸§à¹Œà¸„à¸´à¸”à¸ªà¹Œ,Phá»¥ Kiá»‡n NgÆ°á»i Tuyáº¿t,å°é›ªäººé¥°å“,é›ªç«¥é£¾å“
SNC175,commerce_item_name_twinribbon_pink,KizunaAI Tiered Dresswear,KizunaAI-Stufenkleid,Ropita escalonada de Kizuna AI,Robe Ã  volants de KizunaAI,Pakaian Berlapis KizunaAI,Abito a balze KizunaAI,ã‚­ã‚ºãƒŠã‚¢ã‚¤ãƒ»ãƒ†ã‚£ã‚¢ãƒ¼ãƒ‰ãƒ‰ãƒ¬ã‚¹,KizunaAI í‹°ì–´ë“œ ë“œë ˆìŠ¤ ì˜ìƒ,Vestido de camadas da KizunaAI,ĞœĞ½Ğ¾Ğ³Ğ¾ÑÑ€ÑƒÑĞ½Ğ¾Ğµ Ğ¿Ğ»Ğ°Ñ‚ÑŒĞµ Kizuna AI,à¸Šà¸¸à¸”à¹€à¸”à¸£à¸ªà¹à¸•à¹ˆà¸‡à¸£à¸°à¸šà¸²à¸¢ KizunaAI,VÃ¡y Táº§ng KizunaAI,ç»Šçˆ±è›‹ç³•è£™ç¤¼æœ,çµ†æ„›è›‹ç³•è£™ç¦®æœ
SNC176,commerce_item_name_twinribbon_red,AI-GE Ribbon Dresswear,AI-GE-Schleifenkleid,Ropita escalonada de AI-GE,Robe Ã  ruban d'AI-GE,Pakaian Berpita AI-GE,Abito con fiocco AI-GE,ã‚¢ã‚¤ã‚¬ãƒ¼ãƒ»ãƒªãƒœãƒ³ãƒ‰ãƒ¬ã‚¹,AI-GE ë¦¬ë³¸ ë“œë ˆìŠ¤ ì˜ìƒ,Vestido com laÃ§o da AI-GE,ĞĞ´ĞµĞ¶Ğ´Ğ° AI-GE Ñ Ğ»ĞµĞ½Ñ‚Ğ¾Ñ‡ĞºĞ¾Ğ¹,à¸Šà¸¸à¸”à¹€à¸”à¸£à¸ªà¸£à¸´à¸šà¸šà¸´à¹‰à¸™ AI-GE,VÃ¡y NÆ¡ AI-GE,çˆ±å“¥ç¼å¸¦ç¤¼æœ,æ„›å“¥ç·å¸¶ç¦®æœ
SNC177,commerce_item_name_twinribbon_tele,AI-GE TV Plush,AI-GE-TV-PlÃ¼schtier,Peluche de televisiÃ³n de AI-GE,Peluche AI-GE TV,Boneka TV AI-GE,Peluche TV AI-GE,ã‚¢ã‚¤ã‚¬ãƒ¼ãƒ»TVã¬ã„ãã‚‹ã¿,AI-GE TV ì¸í˜•,PelÃºcia de TV da AI-GE,ĞŸĞ»ÑÑˆĞµĞ²Ğ°Ñ Ğ¸Ğ³Ñ€ÑƒÑˆĞºĞ° Â«Ğ¢ĞµĞ»ĞµĞ²Ğ¸Ğ·Ğ¾Ñ€ AI-GEÂ»,à¸•à¸¸à¹Šà¸à¸•à¸²à¸—à¸µà¸§à¸µ AI-GE,ThÃº BÃ´ng AI-GE 2025,çˆ±å“¥å¤§é“å¤´ç©å¶,æ„›å“¥å¤§éµé ­ç©å¶
SNC178,commerce_item_name_competition_icecape,Tournament Crystalline Cape,Turnier-Kristallumhang,Capa cristalina del torneo,Cape cristalline de Tournoi,Jubah Kristal Turnamen,Mantello cristallino del torneo,å¤§ç«¶æŠ€ä¼šã‚¯ãƒªã‚¹ã‚¿ãƒ«ã‚±ãƒ¼ãƒ—,í† ë„ˆë¨¼íŠ¸ ê²°ì •ì²´ ë§í† ,Capa Cristalina do Torneio,Ğ¢ÑƒÑ€Ğ½Ğ¸Ñ€Ğ½Ğ°Ñ ĞºÑ€Ğ¸ÑÑ‚Ğ°Ğ»ÑŒĞ½Ğ°Ñ Ğ½Ğ°ĞºĞ¸Ğ´ĞºĞ°,à¹€à¸ªà¸·à¹‰à¸­à¸„à¸¥à¸¸à¸¡à¸„à¸£à¸´à¸ªà¸•à¸±à¸¥à¹à¸«à¹ˆà¸‡à¸—à¸±à¸§à¸£à¹Œà¸™à¸²à¹€à¸¡à¸™à¸•à¹Œ,Ão ChoÃ ng Pha LÃª Giáº£i Äáº¥u,é”¦æ ‡èµ›æ™¶é€æ–—ç¯·,éŒ¦æ¨™æ™¶é€æ–—ç¯·
SNC179,commerce_item_name_competition_skaterset,Tournament Sleek Skating Set,Elegantes Turnier-Eislauf-Set,Conjunto elegante de patinaje del torneo,Ensemble de patinage Ã©lÃ©gant de Tournoi,Set Skating Elegan Turnamen,Set elegante da pattinaggio del torneo,å¤§ç«¶æŠ€ä¼šã‚¹ã‚±ãƒ¼ãƒˆãƒ‘ãƒƒã‚¯,í† ë„ˆë¨¼íŠ¸ ë§¤ëˆí•œ ìŠ¤ì¼€ì´íŠ¸ ì„¸íŠ¸,Conjunto Elegante de PatinaÃ§Ã£o do Torneio,Ğ¢ÑƒÑ€Ğ½Ğ¸Ñ€Ğ½Ñ‹Ğ¹ Ğ¸Ğ·ÑÑ‰Ğ½Ñ‹Ğ¹ ĞºĞ¾Ğ¼Ğ¿Ğ»ĞµĞºÑ‚ Ğ´Ğ»Ñ ĞºĞ°Ñ‚Ğ°Ğ½Ğ¸Ñ,à¸Šà¸¸à¸”à¸ªà¹€à¸à¸•à¹‚à¸‰à¸šà¹€à¸‰à¸µà¹ˆà¸¢à¸§à¹à¸«à¹ˆà¸‡à¸—à¸±à¸§à¸£à¹Œà¸™à¸²à¹€à¸¡à¸™à¸•à¹Œ,Bá»™ TrÆ°á»£t BÄƒng Thanh Lá»‹ch Giáº£i Äáº¥u,é”¦æ ‡èµ›ä¿®èº«æ»‘å†°å¥—è£…,éŒ¦æ¨™æµç·šæ»‘å†°å¥—è£
SNC180,commerce_item_name_fortune_coinglasses,Fortune Token Glasses,GlÃ¼cksmarken-Brille,Gafas de la buena fortuna,Lunettes hexagone de Chance,Kacamata Token Keberuntungan,Occhiali con monete della Buona Stella,æ¥ç¦å¤éŠ­ã‚°ãƒ©ã‚¹,í–‰ìš´ì˜ ë™ì „ ì•ˆê²½,Ã“culos de Moeda da Felicidade,ĞÑ‡ĞºĞ¸ Ğ¼Ğ¾Ğ½ĞµÑ‚ ÑƒĞ´Ğ°Ñ‡Ğ¸,à¹à¸§à¹ˆà¸™à¸•à¸²à¹€à¸«à¸£à¸µà¸¢à¸à¹à¸«à¹ˆà¸‡à¹‚à¸Šà¸„à¸¥à¸²à¸ ,KÃ­nh Token May Máº¯n,å¹¸è¿é“œé’±çœ¼é•œ,å¹¸é‹éŠ…éŒ¢çœ¼é¡
SNC181,commerce_item_name_fortune_ponytail,Fortune Ribboned Ponytail,GlÃ¼ckspferdeschwanz mit Band,Coleta con lazo de la fortuna,Queue de cheval Ã  ruban de Chance,Rambut Ekor Kuda Berpita Keberuntungan,Coda con nastri della Buona Stella,æ¥ç¦é£¾ã‚Šç´ä¸€ã¤çµã³,í–‰ìš´ì˜ ë¦¬ë³¸ í¬ë‹ˆí…Œì¼,Rabo de Cavalo com Fita da Felicidade,Ğ¥Ğ²Ğ¾ÑÑ‚ Ñ Ğ»ĞµĞ½Ñ‚Ğ¾Ğ¹ ÑƒĞ´Ğ°Ñ‡Ğ¸,à¸œà¸¡à¸«à¸²à¸‡à¸¡à¹‰à¸²à¸œà¸¹à¸à¹‚à¸šà¸§à¹Œà¹à¸«à¹ˆà¸‡à¹‚à¸Šà¸„à¸¥à¸²à¸ ,TÃ³c ÄuÃ´i Ngá»±a Cá»™t Ruy BÄƒng May Máº¯n,å¹¸è¿ç¼å¸¦é©¬å°¾è¾«,å¹¸é‹ç·å¸¶é¦¬å°¾
SNC182,commerce_item_name_fortune_paneldress,Fortune Pleated Dress,GlÃ¼cksfaltenkleid,Vestido plisado de la fortuna,Robe plissÃ©e de Chance,Gaun Kelim Keberuntungan,Abito plissettato della Buona Stella,æ¥ç¦ã²ã ä»˜ãè£…æŸ,í–‰ìš´ì˜ í”Œë¦¬ì¸  ë“œë ˆìŠ¤,Vestido Plissado da Felicidade,ĞŸĞ»Ğ¸ÑÑĞ¸Ñ€Ğ¾Ğ²Ğ°Ğ½Ğ½Ğ¾Ğµ Ğ¿Ğ»Ğ°Ñ‚ÑŒĞµ ÑƒĞ´Ğ°Ñ‡Ğ¸,à¸Šà¸¸à¸”à¸à¸£à¸°à¹‚à¸›à¸£à¸‡à¸ˆà¸±à¸šà¸ˆà¸µà¸šà¹à¸«à¹ˆà¸‡à¹‚à¸Šà¸„à¸¥à¸²à¸ ,VÃ¡y Xáº¿p Ly May Máº¯n,å¹¸è¿ç™¾è¤¶è£™,å¹¸é‹è¤¶ç´‹è£™
SNC183,commerce_item_name_fortune_ponyprop,Fortune Plush Mount,GlÃ¼cksplÃ¼schreittier,Montura de peluche de la fortuna,Monture peluche de Chance,Boneka Tunggangan Keberuntungan,Compagno di peluche della Buona Stella,æ¥ç¦ã¬ã„ãã‚‹ã¿ä¹—ã‚Šã‚‚ã®,í–‰ìš´ì˜ ë¹„í–‰ ì¸í˜•,Montaria de PelÃºcia da Felicidade,ĞŸĞ»ÑÑˆĞµĞ²Ñ‹Ğ¹ ÑĞºĞ°ĞºÑƒĞ½ ÑƒĞ´Ğ°Ñ‡Ğ¸,à¸•à¸¸à¹Šà¸à¸•à¸²à¸à¸²à¸«à¸™à¸°à¸™à¸¸à¹ˆà¸¡à¸™à¸´à¹ˆà¸¡à¹à¸«à¹ˆà¸‡à¹‚à¸Šà¸„à¸¥à¸²à¸ ,Ngá»±a BÃ´ng May Máº¯n,å¹¸è¿æ¯›ç»’åéª‘,å¹¸é‹çµ¨æ¯›åé¨
SNC184,commerce_item_name_personality_bluecap,Blue Pinned Cap,Blaue MÃ¼tze,Gorra Azul con Pin,Bonnet Bleu Gardien,Topi Bersemat Biru Penjaga,Berretto Blu Guardiano,ãƒ–ãƒ«ãƒ¼ã®åˆ¶å¸½,íŒŒë€ìƒ‰ ëª¨ì,Boina Presa Azul,Ğ¡Ğ¸Ğ½ÑÑ Ğ·Ğ°ĞºÑ€ĞµĞ¿Ğ»Ñ‘Ğ½Ğ½Ğ°Ñ ĞºĞµĞ¿ĞºĞ°,à¸«à¸¡à¸§à¸à¸›à¸±à¸à¸«à¸¡à¸¸à¸”à¸œà¸¹à¹‰à¸à¸´à¸—à¸±à¸à¸©à¹Œà¸ªà¸µà¸™à¹‰à¸³à¹€à¸‡à¸´à¸™,NÃ³n Vá»‡ Binh Xanh,è“è‰²æŸå¸½,è—è‰²æŸå¸½
SNC185,commerce_item_name_personality_purpleglasses,Purple Spectacles,Lila Brille,Gafas Moradas,Lunettes Violet,Kacamata Berbingkai Ungu,Occhiali Viola,ãƒ‘ãƒ¼ãƒ—ãƒ«ã®çœ¼é¡,ë³´ë¼ìƒ‰ ì•ˆê²½,Ã“culos Roxo,ĞÑ‡ĞºĞ¸ Ñ Ñ„Ğ¸Ğ¾Ğ»ĞµÑ‚Ğ¾Ğ²Ğ¾Ğ¹ Ğ¾Ğ¿Ñ€Ğ°Ğ²Ğ¾Ğ¹,à¹à¸§à¹ˆà¸™à¸•à¸²à¸à¸£à¸­à¸šà¸¡à¹ˆà¸§à¸‡,KÃ­nh Gá»ng TÃ­m,ç´«æ¡†çœ¼é•œ,ç´«æ¡†çœ¼é¡
SNC186,commerce_item_name_personality_greenears,Green Folded Ears,GrÃ¼ne Gefaltete Ohren,Orejas Dobladitas Verde Cachorro,Oreilles de Chiot Vert,Telinga Lipat Berbulu Hijau,Orecchie Piegate Verde,ã‚°ãƒªãƒ¼ãƒ³ã®ãŸã‚Œè€³,ì´ˆë¡ìƒ‰ ì ‘íŒ ê·€,Orelhas de Cachorrinho Verde,ĞŸÑƒÑˆĞ¸ÑÑ‚Ñ‹Ğµ Ğ·ĞµĞ»Ñ‘Ğ½Ñ‹Ğµ ÑĞ»Ğ¾Ğ¶ĞµĞ½Ğ½Ñ‹Ğµ ÑƒÑˆĞ¸,à¸«à¸¹à¸à¸±à¸šà¸¥à¸¹à¸à¸ªà¸¸à¸™à¸±à¸‚à¸ªà¸µà¹€à¸‚à¸µà¸¢à¸§à¸Ÿà¸¹à¸Ÿà¹ˆà¸­à¸‡,Tai Gáº­p CÃºn XÃ¹ Xanh LÃ¡,æ¯›èŒ¸ç»¿è‰²æŠ˜è€³,æ¯›èŒ¸ç¶ æŠ˜è€³
SNC187,commerce_item_name_personality_yellowbrush,Yellow Paintbrush,Gelber Pinsel,Banda Amarilla de Pincel,Bandeau Jaune de Pinceau,Bandana Kuas Kuning,Fascia Gialla di Pennello,ã‚¤ã‚¨ãƒ­ãƒ¼ã®çµµç­†,ë…¸ë€ìƒ‰ ë¶“ ë¨¸ë¦¬ë ,Tiara de Pincel Amarela ,Ğ–Ñ‘Ğ»Ñ‚Ğ°Ñ Ğ¿Ğ¾Ğ²ÑĞ·ĞºĞ° Ñ ĞºĞ¸ÑÑ‚Ğ¾Ñ‡ĞºĞ¾Ğ¹ ĞºĞ¸ÑÑ‚ÑŒ,à¸—à¸µà¹ˆà¸„à¸²à¸”à¸œà¸¡à¹à¸›à¸£à¸‡à¸—à¸²à¸ªà¸µà¸ªà¸µà¹€à¸«à¸¥à¸·à¸­à¸‡,BÄƒng ÄÃ´ Cá» Váº½ VÃ ng,é»„è‰²ç”»ç¬”å‘å¸¦,é»ƒç­†åˆ·é«®å¸¶
SPASSP3,commerce_item_name_season_pass_pack3,Season Pack,Saisonspaket,Paquete de la temporada,Pack saisonnier,Paket Musim,Pacchetto stagionale,ã‚®ãƒ•ãƒˆãƒ‘ãƒƒã‚¯,ì‹œì¦Œ íŒ©,Pacote da temporada,Ğ¡ĞµĞ·Ğ¾Ğ½Ğ½Ñ‹Ğ¹ Ğ½Ğ°Ğ±Ğ¾Ñ€,à¹à¸à¹‡à¸à¸¤à¸”à¸¹à¸à¸²à¸¥,GÃ³i MÃ¹a,å¥‡å¦™ä¹‹æ—…ç¤¼åŒ…,å¥‡å¦™ä¹‹æ—…ç¦®åŒ…
SPASSG,commerce_item_name_season_pass_gift,Gift Season Pass,Geschenk-Saisonpass,Pase de temporada de regalo,Passe saisonnier cadeau,Season Pass Hadiah,Pass regalo stagionale,ã‚®ãƒ•ãƒˆç”¨ã‚·ãƒ¼ã‚ºãƒ³ãƒ‘ã‚¹,ì„ ë¬¼ìš© ì‹œì¦ŒíŒ¨ìŠ¤,Passe da Temporada de Presente,ĞŸĞ¾Ğ´Ğ°Ñ€Ğ¾Ñ‡Ğ½Ñ‹Ğ¹ Ğ¡ĞµĞ·Ğ¾Ğ½Ğ½Ñ‹Ğ¹ Ğ¿Ñ€Ğ¾Ğ¿ÑƒÑĞº,à¸‚à¸­à¸‡à¸‚à¸§à¸±à¸à¸šà¸±à¸•à¸£à¸œà¹ˆà¸²à¸™à¸¤à¸”à¸¹à¸à¸²à¸¥,VÃ© MÃ¹a QuÃ  Táº·ng,ç¤¼å“å­£ç¥¨,å­£ç¥¨ï¼ˆç¦®ç‰©ï¼‰
SPASSR,commerce_item_name_season_pass,Season Pass,Saisonpass,Pase de temporada,Passe saisonnier,Season Pass,Pass stagionale,ã‚·ãƒ¼ã‚ºãƒ³ãƒ‘ã‚¹,ì‹œì¦ŒíŒ¨ìŠ¤,Passe da Temporada,Ğ¡ĞµĞ·Ğ¾Ğ½Ğ½Ñ‹Ğ¹ Ğ¿Ñ€Ğ¾Ğ¿ÑƒÑĞº,à¸šà¸±à¸•à¸£à¸œà¹ˆà¸²à¸™à¸¤à¸”à¸¹à¸à¸²à¸¥,VÃ© MÃ¹a,å­£ç¥¨,å­£ç¥¨
