"name","start_time","duration_minutes"
"social_dusk_spitroastpassive","2026-03-09 07:00:00","1439"
"collectible_bird","2026-03-09 07:00:00","1440"
"quest_ap27_fetch_02_part1","2025-07-28 07:00:00","99999999"
"quest_ap29_fetch_11","2026-03-20 07:00:00","99999999"
"quest_competition_speedskate","2024-07-29 07:00:00","99999999"
"spiritshopitem_ap06unlock_ap26_fetch_06","2025-06-30 07:00:00","99999999"
"quest_ap19_fetch_03","2023-08-14 07:00:00","99999999"
"aurora_theseed","2026-03-10 03:41:00","4"
"quest_ap11_fetch_04","2021-08-02 07:00:00","99999999"
"aurora_softinside","2026-03-10 03:26:00","5"
"aurora_softinside","2026-03-10 05:26:00","5"
"spiritshopitem_ap06unlock_ap22_miniShop_02","2024-05-20 07:00:00","99999999"
"quest_ap20_fetch_04","2023-11-13 08:00:00","99999999"
"quest_ap27_fetch_02_part3","2025-07-28 07:00:00","99999999"
"quest_ap24_sidequest_04","2024-10-14 07:00:00","99999999"
"spiritshopitem_ap06unlock_ap21_fetch_02","2024-01-29 08:00:00","99999999"
"quest_ap12_fetch_03","2021-11-01 07:00:00","99999999"
"collectible_wave","2026-03-09 07:00:00","1440"
"season_27_ch4_shop","2025-10-16 07:00:00","99999999"
"visiting_vendor_questap06","2026-03-09 07:00:00","1440"
"quest_scavenger_spirit_beachday2","2026-03-09 07:00:00","1440"
"global_bloom","2026-03-13 07:00:00","30240"
"collectible_whale","2026-03-09 07:00:00","1440"
"spiritshopitem_ap06unlock_ap15_fetch_03","2022-08-05 07:00:00","99999999"
"spiritshopitem_ap06unlock_ap21_fetch_01","2024-01-15 08:00:00","99999999"
"quest_ap20_fetch_10","2023-12-25 08:00:00","99999999"
"spiritshopitem_ap06unlock_ap10_fetch_06","2021-05-31 07:00:00","99999999"
"spiritshopitem_ap06unlock_ap25_fetch_01","2025-01-20 08:00:00","99999999"
"collectible_ghost","2026-03-09 07:00:00","1440"
"social_sunset_labyrinth","2026-03-09 07:00:00","1439"
"skyfest_galleryrainforest","2026-03-09 07:00:00","1440"
"aurora_orbit_countdown","2026-03-10 03:50:00","1"
"visiting_vendor_questap22","2026-03-09 07:00:00","1440"
"ap29_fetch_05_cuteclap","2026-02-06 08:00:00","99999999"
"quest_ap21_fetch_04","2024-02-26 08:00:00","99999999"
"quest_ap25_fetch_05","2025-03-17 07:00:00","99999999"
"quest_ap28_fetch_05_bells","2025-11-17 08:00:00","99999999"
"spiritshopitem_ap06unlock_ap17_fetch_02","2023-01-16 08:00:00","99999999"
"collectible_lookaround","2026-03-09 07:00:00","1440"
"collectible_point","2026-03-09 07:00:00","1440"
"aurora_exhaleinhale_countdown","2026-03-10 03:12:00","1"
"aurora_exhaleinhale_countdown","2026-03-10 05:12:00","1"
"social_rain_bonfirecamp","2026-03-09 07:00:00","1439"
"collectible_raisetheroof","2026-03-09 07:00:00","1440"
"collectible_raisetheroof","2026-03-10 07:00:00","1440"
"spiritshopitem_ap06unlock_fetch_sunset","2020-04-27 07:00:00","99999999"
"spiritshopitem_ap06unlock_ap27_manatee_01","2025-08-29 07:00:00","99999999"
"collectible_salute","2026-03-09 07:00:00","1440"
"te_ep_2","2026-03-10 02:45:00","15"
"te_ep_2","2026-03-10 03:05:00","15"
"te_ep_2","2026-03-10 03:25:00","15"
"te_ep_2","2026-03-10 03:45:00","15"
"global_bloom_2025_2","2026-03-16 07:00:00","4320"
"quest_ap25_fetch_03","2025-02-17 08:00:00","99999999"
"quest_tgc_office_jenova","2026-03-09 07:00:00","1440"
"aurora_runaway_countdown","2026-03-10 03:18:00","1"
"aurora_runaway_countdown","2026-03-10 05:18:00","1"
"global_violin","2023-07-03 07:00:00","99999999"
"spiritshopitem_ap06unlock_ap27_fetch_05","2025-08-29 07:00:00","99999999"
"sunset_village_fishing","2022-12-19 08:00:00","99999999"
"quest_ap28_fetch_06_bells","2025-11-24 08:00:00","99999999"
"spiritshopitem_ap06unlock_ap27_fetch_01","2025-07-21 07:00:00","99999999"
"mainstreet_cycle_night_B","2026-03-10 02:50:00","10"
"spiritshopitem_ap06unlock_ap09_fetch_04","2021-02-08 08:00:00","99999999"
"quest_competition_voidcollect","2024-07-29 07:00:00","99999999"
"spiritshopitem_ap06unlock_ap20_fetch_02","2023-10-23 07:00:00","99999999"
"global_aurora","2031-06-04 15:30:00","300"
"quest_ap24_fetch_05","2024-11-11 08:00:00","99999999"
"quest_sunset_yeti_race","2022-12-19 08:00:00","99999999"
"spiritshopitem_ap06unlock_ap08_fetch_01","2020-10-05 07:00:00","99999999"
"spiritshopitem_ap06unlock_fetch_dusk","2020-04-20 07:00:00","99999999"
"aurora_theseed_countdown","2026-03-10 03:40:00","1"
"quest_ap26_fetch_06","2025-06-30 07:00:00","99999999"
"visiting_vendor_questap27","2026-03-09 07:00:00","1440"
"collectible_bow","2026-03-09 07:00:00","1440"
"quest_ap18_fetch_05","2023-06-12 07:00:00","99999999"
"spiritshopitem_ap06unlock_ap23_fetch_05","2024-09-09 07:00:00","99999999"
"global_ball_snow","2025-11-01 07:00:00","217440"
"ap29_fetch_07_secret","2026-02-20 08:00:00","99999999"
"spiritshopitem_ap06unlock_ap23_fetch_04","2024-08-26 07:00:00","99999999"
"collectible_pout","2026-03-09 07:00:00","1440"
"quest_ap20_fetch_09","2023-12-12 08:00:00","99999999"
"spiritshopitem_ap06unlock_ap20_fetch_09","2023-12-12 08:00:00","99999999"
"spiritshopitem_ap06unlock_ap23_fetch_03","2024-08-12 07:00:00","99999999"
"aurora_softinside_wrap","2026-03-10 03:31:00","2"
"aurora_eyesofachild","2026-03-10 03:46:00","4"
"quest_ap22_miniSocial_03","2024-06-03 07:00:00","99999999"
"quest_ap20_fetch_07","2023-12-04 08:00:00","99999999"
"feast_toyvendorforever","2023-12-18 08:00:00","99999999"
"spiritshopitem_ap06unlock_ap24_fetch_05","2024-11-11 08:00:00","99999999"
"gen_shop_weekly_reset","2026-03-13 07:00:00","0"
"skyfest_fireworks_show","2026-03-09 03:00:00","1440"
"skyfest_fireworks_show","2026-03-09 04:00:00","1440"
"skyfest_fireworks_show","2026-03-09 05:00:00","1440"
"skyfest_fireworks_show","2026-03-09 06:00:00","1440"
"skyfest_fireworks_show","2026-03-09 07:00:00","1440"
"skyfest_fireworks_show","2026-03-09 08:00:00","1440"
"skyfest_fireworks_show","2026-03-09 09:00:00","1440"
"skyfest_fireworks_show","2026-03-09 10:00:00","1440"
"skyfest_fireworks_show","2026-03-09 11:00:00","1440"
"skyfest_fireworks_show","2026-03-09 12:00:00","1440"
"skyfest_fireworks_show","2026-03-09 13:00:00","1440"
"skyfest_fireworks_show","2026-03-09 14:00:00","1440"
"skyfest_fireworks_show","2026-03-09 15:00:00","1440"
"skyfest_fireworks_show","2026-03-09 16:00:00","1440"
"skyfest_fireworks_show","2026-03-09 17:00:00","1440"
"skyfest_fireworks_show","2026-03-09 18:00:00","1440"
"quest_ap29_fetch_08","2026-02-27 08:00:00","99999999"
"ap18_ritual_04_audience_lobby","2026-03-10 02:53:00","7"
"ap18_ritual_04_audience_lobby","2026-03-10 03:08:00","7"
"ap18_ritual_04_audience_lobby","2026-03-10 03:23:00","7"
"ap18_ritual_04_audience_lobby","2026-03-10 03:38:00","7"
"spiritshopitem_ap06unlock_ap20_fetch_01","2023-10-16 07:00:00","99999999"
"quest_ap28_fetch_07","2025-12-01 08:00:00","99999999"
"quest_ap24_fetch_10","2024-12-02 08:00:00","99999999"
"spiritshopitem_ap06unlock_ap24_fetch_07","2024-11-25 08:00:00","99999999"
"spiritshopitem_ap06unlock_ap27_fetch_03","2025-08-04 07:00:00","99999999"
"quest_ap23_fetch_02","2024-07-29 07:00:00","99999999"
"collectible_come","2026-03-09 07:00:00","1440"
"collectible_cuteclap","2026-01-16 08:00:00","110880"
"gen_shop_yearly_reset","2027-01-01 08:00:00","0"
"aurora_warrior_wrap","2026-03-10 03:38:00","2"
"global_bloom_sakura_flowerPatch","2026-03-13 07:00:00","30240"
"skyfest_fireworks_show_act1","2026-03-10 03:19:00","3"
"skyfest_fireworks_show_act1","2026-03-10 04:19:00","3"
"spiritshopitem_ap06unlock_ap22_fetch_01","2024-04-15 07:00:00","99999999"
"spiritshopitem_ap06unlock_ap25_fetch_03","2025-02-17 08:00:00","99999999"
"snake_random_rail","2026-03-10 02:48:00","6"
"snake_random_rail","2026-03-10 02:54:00","6"
"snake_random_rail","2026-03-10 03:00:00","6"
"snake_random_rail","2026-03-10 03:06:00","6"
"snake_random_rail","2026-03-10 03:12:00","6"
"snake_random_rail","2026-03-10 03:18:00","6"
"snake_random_rail","2026-03-10 03:24:00","6"
"ap18_ritual_timer_15","2026-03-10 02:45:00","15"
"ap18_ritual_timer_15","2026-03-10 03:00:00","15"
"ap18_ritual_timer_15","2026-03-10 03:15:00","15"
"quest_ap22_miniShop_01","2024-04-29 07:00:00","99999999"
"quest_ap16_fetch_02","2022-10-31 07:00:00","99999999"
"quest_ap09_fetch_01","2021-01-04 08:00:00","99999999"
"spiritshopitem_ap06unlock_ap25_fetch_04","2025-03-03 08:00:00","99999999"
"visiting_vendor_questap10","2026-03-09 07:00:00","1440"
"spiritshopitem_ap06unlock_ap26_fetch_03","2025-05-19 07:00:00","99999999"
"quest_ap16_fetch_05","2022-12-09 01:00:00","99999999"
"global_qixi_couple","2026-08-04 07:00:00","1440"
"quest_ap12_fetch_05","2021-11-29 08:00:00","99999999"
"collectible_chuckle","2026-02-27 08:00:00","20100"
"quest_ap28_fetch_04","2025-11-10 08:00:00","99999999"
"spiritshopitem_ap06unlock_ap22_miniShop_03","2024-06-10 07:00:00","99999999"
"spiritshopitem_ap06unlock_fetch_rain","2020-06-11 07:00:00","99999999"
"gen_shop_monthly_reset","2026-04-01 07:00:00","0"
"quest_ap29_fetch_05","2026-02-06 08:00:00","99999999"
"quest_ap21_fetch_01","2024-01-15 08:00:00","99999999"
"social_feed_prompt_warm_melody","2026-03-09 07:00:00","10080"
"visiting_vendor_questap25","2026-03-09 07:00:00","1440"
"collectible_rhythmicclap","2026-03-09 07:00:00","1440"
"collectible_rhythmicclap","2026-03-10 07:00:00","1440"
"spiritshopitem_ap06unlock_ap24_fetch_03","2024-10-28 07:00:00","99999999"
"ap29_fetch_04_cuteclap","2026-01-30 08:00:00","99999999"
"spiritshopitem_ap06unlock_ap13_fetch_01","2022-01-17 08:00:00","99999999"
"spiritshopitem_ap06unlock_ap23_fetch_01","2024-07-15 07:00:00","99999999"
"collectible_ohno","2026-03-09 07:00:00","1440"
"collectible_questap23_duo","2024-08-12 07:00:00","99999999"
"global_musicshop_sale","2024-11-25 08:00:00","99999999"
"quest_ap19_fetch_05","2023-09-18 07:00:00","99999999"
"quest_ap28_fetch_03","2025-11-03 08:00:00","99999999"
"spiritshopitem_ap06unlock_ap16_fetch_02","2022-10-31 07:00:00","99999999"
"fetch_manta_fertilizer_01","2026-03-10 02:52:00","2"
"fetch_manta_fertilizer_01","2026-03-10 02:56:00","2"
"fetch_manta_fertilizer_01","2026-03-10 03:00:00","2"
"fetch_manta_fertilizer_01","2026-03-10 03:04:00","2"
"fetch_manta_fertilizer_01","2026-03-10 03:08:00","2"
"fetch_manta_fertilizer_01","2026-03-10 03:12:00","2"
"fetch_manta_fertilizer_01","2026-03-10 03:16:00","2"
"fetch_manta_fertilizer_01","2026-03-10 03:20:00","2"
"fetch_manta_fertilizer_01","2026-03-10 03:24:00","2"
"wildlifepark_cycle_day","2026-03-10 02:51:00","3"
"wildlifepark_cycle_day","2026-03-10 03:03:00","3"
"wildlifepark_cycle_day","2026-03-10 03:15:00","3"
"spiritshopitem_ap06unlock_ap18_fetch_03","2023-05-15 07:00:00","99999999"
"collectible_proud","2026-03-09 07:00:00","1440"
"collectible_bubbles","2026-02-27 08:00:00","20100"
"social_skyway_speedtube","2026-03-09 07:00:00","1439"
"quest_ap18_fetch_01","2023-04-17 07:00:00","99999999"
"aurora_queendom","2026-03-10 03:54:00","4"
"spiritshopitem_ap06unlock_ap16_fetch_05","2022-12-09 01:00:00","99999999"
"spiritshopitem_ap06unlock_ap07_fetch_04","2020-08-04 07:00:00","99999999"
"collectible_whisper","2026-01-16 08:00:00","110880"
"global_wing_none","2026-01-01 08:00:00","99999999"
"spiritshopitem_ap06unlock_ap17_fetch_05","2023-02-13 08:00:00","99999999"
"skyfest_fireworks_show_medpad","2026-03-10 03:18:00","16"
"skyfest_fireworks_show_medpad","2026-03-10 04:18:00","16"
"spiritshopitem_ap06unlock_ap12_fetch_05","2021-11-29 08:00:00","99999999"
"aurora_minigame_vote_rotation","2026-03-10 02:50:00","2"
"aurora_minigame_vote_rotation","2026-03-10 02:52:00","2"
"aurora_minigame_vote_rotation","2026-03-10 02:54:00","2"
"aurora_minigame_vote_rotation","2026-03-10 02:56:00","2"
"aurora_minigame_vote_rotation","2026-03-10 02:58:00","2"
"aurora_minigame_vote_rotation","2026-03-10 03:00:00","2"
"aurora_minigame_vote_rotation","2026-03-10 03:02:00","2"
"aurora_minigame_vote_rotation","2026-03-10 03:04:00","2"
"aurora_minigame_vote_rotation","2026-03-10 03:06:00","2"
"aurora_minigame_vote_rotation","2026-03-10 03:08:00","2"
"aurora_minigame_vote_rotation","2026-03-10 03:10:00","2"
"aurora_minigame_vote_rotation","2026-03-10 03:12:00","2"
"aurora_minigame_vote_rotation","2026-03-10 03:14:00","2"
"aurora_minigame_vote_rotation","2026-03-10 03:16:00","2"
"aurora_minigame_vote_rotation","2026-03-10 03:18:00","2"
"aurora_minigame_vote_rotation","2026-03-10 03:20:00","2"
"visiting_vendor_questap15","2026-03-09 07:00:00","1440"
"quest_competition_sliderace","2024-07-29 07:00:00","99999999"
"event_rain_tcandles2","2026-03-09 07:00:00","1440"
"global_radiance_bloom_black_green","2026-02-27 08:00:00","20160"
"aurora_orbit","2026-03-10 03:50:00","3"
"quest_ap24_fetch_09","2024-12-02 08:00:00","99999999"
"quest_ap28_fetch_10_bells","2025-12-22 08:00:00","99999999"
"season_27_end_shop","2025-09-06 07:00:00","99999999"
"quest_ap12_fetch_02","2021-10-18 07:00:00","99999999"
"mainstreet_cycle_overcast_day_B","2026-03-10 03:10:00","5"
"aurora_eyesofachild_countdown","2026-03-10 03:45:00","1"
"spiritshopitem_ap06unlock_ap08_fetch_04","2020-11-09 08:00:00","99999998"
"visiting_vendor_questap09","2026-03-09 07:00:00","1440"
"skyfest_fireworks_show_act2","2026-03-10 03:22:00","3"
"quest_ap28_fetch_02","2025-10-27 07:00:00","99999999"
"collectible_guard","2026-03-09 07:00:00","1440"
"visiting_vendor_questap13","2026-03-09 07:00:00","1440"
"quest_ap13_fetch_01","2022-01-17 08:00:00","99999999"
"farmers_market_ap10","2026-02-27 08:00:00","20100"
"spiritshopitem_ap06unlock_ap16_fetch_01","2022-10-17 07:00:00","99999999"
"visiting_vendor_ap22_miniquest_house","2026-03-09 02:52:00","1440"
"visiting_vendor_ap22_miniquest_house","2026-03-09 02:53:00","1440"
"visiting_vendor_ap22_miniquest_house","2026-03-09 02:54:00","1440"
"visiting_vendor_ap22_miniquest_house","2026-03-09 02:55:00","1440"
"visiting_vendor_ap22_miniquest_house","2026-03-09 02:56:00","1440"
"visiting_vendor_ap22_miniquest_house","2026-03-09 02:57:00","1440"
"visiting_vendor_ap22_miniquest_house","2026-03-09 02:58:00","1440"
"visiting_vendor_ap22_miniquest_house","2026-03-09 02:59:00","1440"
"visiting_vendor_ap22_miniquest_house","2026-03-09 03:00:00","1440"
"visiting_vendor_ap22_miniquest_house","2026-03-09 03:01:00","1440"
"visiting_vendor_ap22_miniquest_house","2026-03-09 03:02:00","1440"
"visiting_vendor_ap22_miniquest_house","2026-03-09 03:03:00","1440"
"visiting_vendor_ap22_miniquest_house","2026-03-09 03:04:00","1440"
"visiting_vendor_ap22_miniquest_house","2026-03-09 03:05:00","1440"
"visiting_vendor_ap22_miniquest_house","2026-03-09 03:06:00","1440"
"visiting_vendor_ap22_miniquest_house","2026-03-09 03:07:00","1440"
"spiritshopitem_ap06unlock_ap16_fetch_04","2022-11-28 08:00:00","99999999"
"quest_ap22_fetch_01","2024-04-15 07:00:00","99999999"
"quest_ap24_sidequest_07","2024-10-14 07:00:00","99999999"
"te_ep_1","2026-03-10 02:40:00","15"
"te_ep_1","2026-03-10 03:00:00","15"
"te_ep_1","2026-03-10 03:20:00","15"
"te_ep_1","2026-03-10 03:40:00","15"
"spiritshopitem_ap06unlock_ap07_fetch_05","2020-08-10 07:00:00","99999999"
"quest_ap29_fetch_02","2026-01-17 08:00:00","99999999"
"quest_ap27_fetch_04","2025-08-11 07:00:00","99999999"
"collectible_beacon","2026-03-09 07:00:00","1440"
"collectible_revolvingdance","2026-01-16 08:00:00","110880"
"quest_ap10_fetch_02","2021-04-19 07:00:00","99999999"
"season_29","2026-01-16 08:00:00","110880"
"quest_ap22_miniSocial_01","2024-04-29 07:00:00","99999999"
"global_weekend_shop2","2026-04-17 07:00:00","1440"
"global_weekend_shop2","2026-05-01 07:00:00","1440"
"social_feed_prompt_hide_seek","2026-03-01 08:00:00","44580"
"rain_darkstone_0","2026-03-09 07:00:00","1440"
"spiritshopitem_ap06unlock_ap17_fetch_04","2023-01-30 08:00:00","99999999"
"spiritshopitem_ap06unlock_ap22_miniHouse_02","2024-05-06 07:00:00","99999999"
"spiritshopitem_ap06unlock_ap19_fetch_02","2023-07-31 07:00:00","99999999"
"quest_ap21_fetch_02","2024-01-29 08:00:00","99999999"
"collectible_marching","2026-02-27 08:00:00","20100"
"quest_ap28_fetch_09","2025-12-15 08:00:00","99999999"
"quest_ap24_fetch_01","2024-10-14 07:00:00","99999999"
"collectible_twirl","2026-03-09 07:00:00","1440"
"collectible_twirl","2026-03-10 07:00:00","1440"
"global_bloom_2026_plant","2026-03-13 07:00:00","4320"
"spiritshopitem_ap06unlock_ap10_fetch_02","2021-04-19 07:00:00","99999999"
"spiritshopitem_ap06unlock_ap17_fetch_06","2023-02-13 08:00:00","99999999"
"quest_ap23_fetch_05","2024-09-09 07:00:00","99999999"
"spiritshopitem_ap06unlock_ap14_fetch_05","2022-06-06 07:00:00","99999999"
"global_merchandise_sleep","2026-03-14 01:00:00","4320"
"collectible_handstand","2026-03-09 07:00:00","1440"
"quest_ap27_manatee_01","2025-08-29 07:00:00","99999999"
"spiritshopitem_ap06unlock_ap09_fetch_02","2021-01-11 08:00:00","99999999"
"quest_ap29_fetch_06","2026-02-13 08:00:00","99999999"
"quest_ap24_sidequest_02","2024-10-14 07:00:00","99999999"
"collectible_float","2026-03-09 07:00:00","1440"
"spiritshopitem_ap06unlock_ap13_fetch_04","2022-02-14 08:00:00","99999999"
"spiritshopitem_ap06unlock_ap26_fetch_01","2025-04-21 07:00:00","99999999"
"social_turtle_on","2022-04-18 07:00:00","99999999"
"quest_ap20_fetch_06","2023-11-27 08:00:00","99999999"
"spiritshopitem_ap06unlock_ap11_fetch_02","2021-07-15 07:00:00","99999999"
"spiritshopitem_ap06unlock_ap15_fetch_01","2022-07-11 07:00:00","99999999"
"spiritshopitem_ap06unlock_ap15_fetch_05","2022-09-02 07:00:00","99999999"
"quest_ap24_fetch_12","2024-12-09 08:00:00","99999999"
"quest_ap21_fetch_05","2024-03-11 07:00:00","99999999"
"spiritshopitem_ap06unlock_ap22_fetch_03","2024-04-29 07:00:00","99999999"
"season_21_deersummon","2026-03-10 02:30:00","25"
"season_21_deersummon","2026-03-10 03:00:00","25"
"season_21_deersummon","2026-03-10 03:30:00","25"
"quest_ap21_fetch_05_part02","2024-03-11 07:00:00","99999999"
"global_bloom_2025_4","2026-03-22 07:00:00","4320"
"quest_ap26_fetch_01","2025-04-21 07:00:00","99999999"
"quest_ap27_fetch_02_part2","2025-07-28 07:00:00","99999999"
"te_ep_4","2026-03-10 02:55:00","15"
"te_ep_4","2026-03-10 03:15:00","15"
"te_ep_4","2026-03-10 03:35:00","15"
"visiting_vendor_questap21","2026-03-09 07:00:00","1440"
"ap29_fetch_06_cuteclap","2026-02-13 08:00:00","99999999"
"spiritshopitem_ap06unlock_ap23_fetch_02","2024-07-29 07:00:00","99999999"
"quest_ap29_fetch_10","2026-03-13 07:00:00","99999999"
"visiting_vendor_questap23","2026-03-09 07:00:00","1440"
"snake_coin","2026-03-10 02:51:00","1"
"snake_coin","2026-03-10 02:52:00","1"
"snake_coin","2026-03-10 02:53:00","1"
"snake_coin","2026-03-10 02:54:00","1"
"snake_coin","2026-03-10 02:55:00","1"
"snake_coin","2026-03-10 02:56:00","1"
"snake_coin","2026-03-10 02:57:00","1"
"snake_coin","2026-03-10 02:58:00","1"
"snake_coin","2026-03-10 02:59:00","1"
"snake_coin","2026-03-10 03:00:00","1"
"snake_coin","2026-03-10 03:01:00","1"
"snake_coin","2026-03-10 03:02:00","1"
"snake_coin","2026-03-10 03:03:00","1"
"snake_coin","2026-03-10 03:04:00","1"
"snake_coin","2026-03-10 03:05:00","1"
"snake_coin","2026-03-10 03:06:00","1"
"quest_ap22_fetch_03","2024-04-29 07:00:00","99999999"
"fireworks_show_medpad","2026-04-01 07:00:00","16"
"fireworks_show_medpad","2026-12-31 08:00:00","16"
"fireworks_show_medpad","2027-01-01 08:00:00","16"
"visiting_vendor_questap08","2026-03-09 07:00:00","1440"
"quest_ap27_fetch_05","2025-08-29 07:00:00","99999999"
"global_bloom_2026_harvest","2026-04-01 07:00:00","2880"
"personality_quiz_evergreen","2026-01-09 08:00:00","99999999"
"skyfest_soundbath","2025-07-07 07:00:00","9999999"
"collectible_nothanks","2026-03-09 07:00:00","1440"
"spiritshopitem_ap06unlock_ap22_miniShop_01","2024-04-29 07:00:00","99999999"
"quest_ap10_fetch_03","2021-05-03 07:00:00","99999999"
"spiritshopitem_ap06unlock_ap26_fetch_05","2025-06-16 07:00:00","99999999"
"quest_nature_vortex1","2023-04-20 07:00:00","99999999"
"ap18_ritual_03","2026-03-10 03:00:00","1"
"ap18_ritual_03","2026-03-10 03:15:00","1"
"quest_ap18_fetch_04","2023-06-01 07:00:00","99999999"
"feast_teatable_rotation","2026-03-10 02:48:00","6"
"feast_teatable_rotation","2026-03-10 02:54:00","6"
"feast_teatable_rotation","2026-03-10 03:00:00","6"
"feast_teatable_rotation","2026-03-10 03:06:00","6"
"feast_teatable_rotation","2026-03-10 03:12:00","6"
"feast_teatable_rotation","2026-03-10 03:18:00","6"
"feast_teatable_rotation","2026-03-10 03:24:00","6"
"quest_ap22_miniShop_02","2024-05-20 07:00:00","99999999"
"spiritshopitem_ap06unlock_ap11_fetch_05","2021-08-11 07:00:00","99999999"
"quest_scavenger_spirit_beachday1","2026-03-09 07:00:00","1440"
"collectible_strong","2026-03-09 07:00:00","1440"
"quest_ap14_fetch_01","2022-04-11 07:00:00","99999999"
"ap29_fetch_09_secret","2026-03-06 08:00:00","99999999"
"quest_ap25_fetch_02","2025-02-03 08:00:00","99999999"
"spiritshopitem_ap06unlock_ap20_fetch_03","2023-10-30 07:00:00","99999999"
"sunset_village_spell_shop","2022-12-19 08:00:00","99999999"
"visiting_vendor_questap26","2026-03-09 07:00:00","1440"
"quest_ap29_fetch_04","2026-01-30 08:00:00","99999999"
"skyfest_fireworks_show_act3","2026-03-10 03:25:00","1"
"collectible_eww","2026-02-27 08:00:00","20100"
"ap29_fetch_11_whisper","2026-03-20 07:00:00","99999999"
"ap18_ritual_03_audience_lobby","2026-03-10 02:53:00","7"
"ap18_ritual_03_audience_lobby","2026-03-10 03:08:00","7"
"ap18_ritual_03_audience_lobby","2026-03-10 03:23:00","7"
"ap18_ritual_03_audience_lobby","2026-03-10 03:38:00","7"
"spiritshopitem_ap06unlock_ap19_fetch_03","2023-08-14 07:00:00","99999999"
"season_06_ever_started","2020-04-20 07:00:00","99999999"
"quest_ap19_fetch_02","2023-07-31 07:00:00","99999999"
"quest_ap22_miniHouse_01","2024-04-29 07:00:00","99999999"
"spiritshopitem_ap06unlock_ap18_fetch_02","2023-05-01 07:00:00","99999999"
"quest_ap28_fetch_03_bells","2025-11-03 08:00:00","99999999"
"quest_ap23_fetch_01","2024-07-15 07:00:00","99999999"
"spiritshopitem_ap06unlock_ap24_fetch_01","2024-10-14 07:00:00","99999999"
"collectible_manta","2026-03-09 07:00:00","1440"
"spiritshopitem_ap06unlock_ap14_fetch_03","2022-05-09 07:00:00","99999999"
"wildlifepark_cycle_morning","2026-03-10 03:00:00","2"
"wildlifepark_cycle_morning","2026-03-10 03:12:00","2"
"wildlifepark_cycle_morning","2026-03-10 03:24:00","2"
"quest_ap18_fetch_02","2023-05-01 07:00:00","99999999"
"quest_ap17_fetch_09","2023-03-20 07:00:00","99999999"
"ap18_ritual_04","2026-03-10 03:00:00","1"
"ap18_ritual_04","2026-03-10 03:15:00","1"
"spiritshopitem_ap06unlock_ap09_fetch_03","2021-01-25 08:00:00","99999999"
"enable_dye_shop","2025-08-28 07:00:00","99999999"
"spiritshopitem_ap06unlock_ap08_fetch_03","2020-10-26 07:00:00","99999999"
"quest_ap24_sidequest_06","2024-10-14 07:00:00","99999999"
"collectible_brave","2026-03-09 07:00:00","1440"
"spiritshopitem_ap06unlock_ap22_miniHouse_01","2024-04-29 07:00:00","99999999"
"spiritshopitem_ap06unlock_ap24_fetch_09","2024-12-02 08:00:00","99999999"
"quest_ap12_fetch_04","2021-11-15 08:00:00","99999999"
"spiritshopitem_ap06unlock_ap15_fetch_06","2022-09-16 07:00:00","99999999"
"collectible_secrethandshake","2026-01-16 08:00:00","110880"
"quest_ap29_fetch_12","2026-03-27 07:00:00","99999999"
"radiant_darkstone_spawn","2026-03-10 02:00:00","59"
"radiant_darkstone_spawn","2026-03-10 03:00:00","59"
"quest_ap26_fetch_03","2025-05-19 07:00:00","99999999"
"spiritshopitem_ap06unlock_ap20_fetch_07","2023-12-04 08:00:00","99999999"
"spiritshopitem_ap06unlock_ap21_fetch_03","2024-02-12 08:00:00","99999999"
"ap18_ritual_05_audience_lobby","2026-03-10 02:53:00","7"
"ap18_ritual_05_audience_lobby","2026-03-10 03:08:00","7"
"ap18_ritual_05_audience_lobby","2026-03-10 03:23:00","7"
"ap18_ritual_05_audience_lobby","2026-03-10 03:38:00","7"
"spiritshopitem_ap06unlock_ap13_fetch_05","2022-03-07 08:00:00","99999999"
"spiritshopitem_ap06unlock_ap07_fetch_01","2020-07-13 07:00:00","99999999"
"stormy_dusk","2026-03-09 07:00:00","1440"
"dusk_embersanctuary_on","2025-08-29 07:00:00","99999999"
"quest_ap28_fetch_08_bells","2025-12-08 08:00:00","99999999"
"visiting_vendor_questap20","2026-03-09 07:00:00","1440"
"quest_ap19_fetch_01","2023-07-17 07:00:00","99999999"
"spiritshopitem_ap06unlock_ap14_fetch_01","2022-04-11 07:00:00","99999999"
"quest_ap28_fetch_02_bells","2025-10-27 07:00:00","99999999"
"wildlifepark_cycle_not_night_hint","2026-03-10 02:48:00","8"
"wildlifepark_cycle_not_night_hint","2026-03-10 03:00:00","8"
"wildlifepark_cycle_not_night_hint","2026-03-10 03:12:00","8"
"wildlifepark_cycle_not_night_hint","2026-03-10 03:24:00","8"
"quest_cafe_serving","2024-04-27 07:00:00","99999999"
"social_eelwatercreature","2026-03-09 07:00:00","1439"
"quest_ap23_fetch_04","2024-08-26 07:00:00","99999999"
"collectible_tsktsk","2026-02-27 08:00:00","20100"
"collectible_laugh","2026-03-09 07:00:00","1440"
"visiting_vendor_ap22_miniquest_shop","2026-03-09 02:52:00","1440"
"visiting_vendor_ap22_miniquest_shop","2026-03-09 02:53:00","1440"
"visiting_vendor_ap22_miniquest_shop","2026-03-09 02:54:00","1440"
"visiting_vendor_ap22_miniquest_shop","2026-03-09 02:55:00","1440"
"visiting_vendor_ap22_miniquest_shop","2026-03-09 02:56:00","1440"
"visiting_vendor_ap22_miniquest_shop","2026-03-09 02:57:00","1440"
"visiting_vendor_ap22_miniquest_shop","2026-03-09 02:58:00","1440"
"visiting_vendor_ap22_miniquest_shop","2026-03-09 02:59:00","1440"
"visiting_vendor_ap22_miniquest_shop","2026-03-09 03:00:00","1440"
"visiting_vendor_ap22_miniquest_shop","2026-03-09 03:01:00","1440"
"visiting_vendor_ap22_miniquest_shop","2026-03-09 03:02:00","1440"
"visiting_vendor_ap22_miniquest_shop","2026-03-09 03:03:00","1440"
"visiting_vendor_ap22_miniquest_shop","2026-03-09 03:04:00","1440"
"visiting_vendor_ap22_miniquest_shop","2026-03-09 03:05:00","1440"
"visiting_vendor_ap22_miniquest_shop","2026-03-09 03:06:00","1440"
"visiting_vendor_ap22_miniquest_shop","2026-03-09 03:07:00","1440"
"collectible_scared","2026-03-09 07:00:00","1440"
"ap29_fetch_01_revolvingdance","2026-01-16 08:00:00","99999999"
"mainstreet_cycle_morning_B","2026-03-10 03:00:00","10"
"spiritshopitem_ap06unlock_ap14_fetch_04","2022-05-23 07:00:00","99999999"
"te_ep_3","2026-03-10 02:50:00","15"
"te_ep_3","2026-03-10 03:10:00","15"
"te_ep_3","2026-03-10 03:30:00","15"
"quest_ap28_fetch_07_bells","2025-12-01 08:00:00","99999999"
"spiritshopitem_ap06unlock_ap18_fetch_04","2023-06-01 07:00:00","99999999"
"quest_sunset_flyrace","2026-03-09 07:00:00","1440"
"visiting_vendor_questap14","2026-03-09 07:00:00","1440"
"wildlifepark_cycle_overcast_night","2026-03-10 02:56:00","1"
"wildlifepark_cycle_overcast_night","2026-03-10 03:08:00","1"
"wildlifepark_cycle_overcast_night","2026-03-10 03:20:00","1"
"collectible_love","2026-03-09 07:00:00","1440"
"quest_ap17_fetch_01","2023-01-16 08:00:00","99999999"
"quest_ap16_fetch_03","2022-11-14 08:00:00","99999999"
"visiting_vendor_ap22_miniquest_social","2026-03-09 02:52:00","1440"
"visiting_vendor_ap22_miniquest_social","2026-03-09 02:53:00","1440"
"visiting_vendor_ap22_miniquest_social","2026-03-09 02:54:00","1440"
"visiting_vendor_ap22_miniquest_social","2026-03-09 02:55:00","1440"
"visiting_vendor_ap22_miniquest_social","2026-03-09 02:56:00","1440"
"visiting_vendor_ap22_miniquest_social","2026-03-09 02:57:00","1440"
"visiting_vendor_ap22_miniquest_social","2026-03-09 02:58:00","1440"
"visiting_vendor_ap22_miniquest_social","2026-03-09 02:59:00","1440"
"visiting_vendor_ap22_miniquest_social","2026-03-09 03:00:00","1440"
"visiting_vendor_ap22_miniquest_social","2026-03-09 03:01:00","1440"
"visiting_vendor_ap22_miniquest_social","2026-03-09 03:02:00","1440"
"visiting_vendor_ap22_miniquest_social","2026-03-09 03:03:00","1440"
"visiting_vendor_ap22_miniquest_social","2026-03-09 03:04:00","1440"
"visiting_vendor_ap22_miniquest_social","2026-03-09 03:05:00","1440"
"visiting_vendor_ap22_miniquest_social","2026-03-09 03:06:00","1440"
"visiting_vendor_ap22_miniquest_social","2026-03-09 03:07:00","1440"
"quest_ap26_fetch_02","2025-05-05 07:00:00","99999999"
"collectible_pray","2026-03-09 07:00:00","1440"
"spiritshopitem_ap06unlock_ap13_fetch_03","2022-01-31 08:00:00","99999999"
"quest_ap17_fetch_07","2023-02-27 08:00:00","99999999"
"quest_ap24_fetch_08","2024-11-25 08:00:00","99999999"
"visiting_vendor_questap28","2026-03-09 07:00:00","1440"
"season_b_prairie_candles1","2026-03-09 07:00:00","1440"
"quest_ap24_sidequest_01","2024-10-14 07:00:00","99999999"
"global_daily_reset_time","2026-03-09 07:00:00","1440"
"global_daily_reset_time","2026-03-10 07:00:00","1440"
"visiting_vendor_questap29","2026-03-09 07:00:00","1440"
"quest_nature_vortex2","2023-04-20 07:00:00","99999999"
"radiant_darkstone_despawn","2026-03-10 02:59:00","1"
"quest_ap19_fetch_04","2023-08-28 07:00:00","99999999"
"fireworks_show_act1","2026-04-01 07:10:00","3"
"fireworks_show_act1","2026-12-31 08:10:00","3"
"fireworks_show_act1","2027-01-01 08:10:00","3"
"season_b_prairie_candles2","2026-03-09 07:00:00","1440"
"collectible_sorry","2026-03-09 07:00:00","1440"
"ap29_fetch_12_whisper","2026-03-27 07:00:00","99999999"
"gen_shop_daily_reset","2026-03-10 07:00:00","0"
"visiting_vendor_questap07","2026-03-09 07:00:00","1440"
"wildlifepark_cycle_overcast_day","2026-03-10 03:02:00","1"
"wildlifepark_cycle_overcast_day","2026-03-10 03:14:00","1"
"wildlifepark_cycle_overcast_day","2026-03-10 03:26:00","1"
"quest_ap26_fetch_04","2025-06-02 07:00:00","99999999"
"aurora_softinside_countdown","2026-03-10 03:25:00","1"
"aurora_softinside_countdown","2026-03-10 05:25:00","1"
"collectible_force","2026-03-09 07:00:00","1440"
"collectible_thumbsup","2026-03-09 07:00:00","1440"
"aurora_runaway_wrap","2026-03-10 03:23:00","2"
"aurora_runaway_wrap","2026-03-10 05:23:00","2"
"quest_ap17_fetch_05","2023-02-13 08:00:00","99999999"
"quest_ap20_fetch_02","2023-10-23 07:00:00","99999999"
"musicshop_weekly_rotation_01","2026-03-06 08:00:00","10080"
"spiritshopitem_ap06unlock_ap27_fetch_02","2025-07-28 07:00:00","99999999"
"spiritshopitem_ap06unlock_ap12_fetch_04","2021-11-15 08:00:00","99999999"
"quest_ap28_fetch_09_bells","2025-12-15 08:00:00","99999999"
"event_rain_tcandle_master","2026-03-09 07:00:00","1440"
"spiritshopitem_ap06unlock_ap25_fetch_05","2025-03-17 07:00:00","99999999"
"quest_competition_flyrace","2024-07-29 07:00:00","99999999"
"spiritshopitem_ap06unlock_ap22_fetch_05","2024-06-10 07:00:00","99999999"
"ap18_ritual_05","2026-03-10 03:00:00","1"
"ap18_ritual_05","2026-03-10 03:15:00","1"
"quest_ap17_fetch_03","2023-01-30 08:00:00","99999999"
"aurora_soundbath_session","2026-03-10 02:50:00","9"
"aurora_soundbath_session","2026-03-10 03:00:00","9"
"aurora_soundbath_session","2026-03-10 03:10:00","9"
"aurora_soundbath_session","2026-03-10 03:20:00","9"
"aurora_soundbath_session","2026-03-10 03:30:00","9"
"spiritshopitem_ap06unlock_ap18_fetch_05","2023-06-12 07:00:00","99999999"
"collectible_lighthorn","2026-03-09 07:00:00","1440"
"collectible_lighthorn","2026-03-10 07:00:00","1440"
"spiritshopitem_ap06unlock_ap26_fetch_02","2025-05-05 07:00:00","99999999"
"global_mainstreet","2023-11-27 08:00:00","99999999"
"spiritshopitem_ap06unlock_ap27_fetch_04","2025-08-11 07:00:00","99999999"
"global_bloom_2026_wither","2026-03-30 07:00:00","2880"
"visiting_vendor_questap19","2026-03-09 07:00:00","1440"
"global_office_shop","2025-07-07 07:00:00","99999999"
"quest_ap28_fetch_08","2025-12-08 08:00:00","99999999"
"spiritshopitem_ap06unlock_ap17_fetch_08","2023-02-27 08:00:00","99999999"
"visiting_vendor_questap16","2026-03-09 07:00:00","1440"
"global_feast_wonderland","2024-12-23 08:00:00","99999999"
"spiritshopitem_ap06unlock_ap10_fetch_04","2021-05-10 07:00:00","99999999"
"spiritshopitem_ap06unlock_ap17_fetch_03","2023-01-30 08:00:00","99999999"
"quest_ap29_fetch_03","2026-01-23 08:00:00","99999999"
"quest_ap16_fetch_04","2022-11-28 08:00:00","99999999"
"aurora_warrior","2026-03-10 03:34:00","4"
"wing_buff_conversion_period","2026-03-08 08:00:00","10080"
"quest_ap27_fetch_02","2025-07-28 07:00:00","99999999"
"quest_ap29_fetch_07","2026-02-20 08:00:00","99999999"
"quest_ap21_fetch_03","2024-02-12 08:00:00","99999999"
"quest_nature_vortex3","2023-04-20 07:00:00","99999999"
"quest_ap18_fetch_03","2023-05-15 07:00:00","99999999"
"spiritshopitem_ap06unlock_ap26_fetch_04","2025-06-02 07:00:00","99999999"
"aurora_exhaleinhale","2026-03-10 03:12:00","4"
"aurora_exhaleinhale","2026-03-10 05:12:00","4"
"spiritshopitem_ap06unlock_ap25_fetch_02","2025-02-03 08:00:00","99999999"
"global_newyear_firework_interval","2026-03-10 03:00:00","5"
"aurora_concert_countdown","2026-03-10 03:10:00","2"
"aurora_concert_countdown","2026-03-10 05:10:00","2"
"spiritshopitem_ap06unlock_ap22_miniSocial_01","2024-04-29 07:00:00","99999999"
"quest_ap23_fetch_03","2024-08-12 07:00:00","99999999"
"spiritshopitem_ap06unlock_ap11_fetch_07","2021-08-30 07:00:00","99999999"
"weekly_prop_rotation_09","2026-03-06 08:00:00","10020"
"spiritshopitem_ap06unlock_ap08_fetch_02","2020-10-12 07:00:00","99999999"
"quest_ap10_fetch_05","2021-05-17 07:00:00","99999999"
"quest_ap29_fetch_09","2026-03-06 08:00:00","99999999"
"collectible_cheer","2026-03-09 07:00:00","1440"
"ap29_fetch_03_revolvingdance","2026-01-23 08:00:00","99999999"
"visiting_vendor_questap11","2026-03-09 07:00:00","1440"
"spiritshopitem_ap06unlock_ap24_fetch_11","2024-12-09 08:00:00","99999999"
"projector_ember_p1","2026-03-09 07:00:00","1440"
"projector_ember_p1","2026-03-10 07:00:00","1440"
"aurora_warrior_countdown","2026-03-10 03:33:00","1"
"collectible_yawn","2026-03-09 07:00:00","1440"
"quest_ap20_fetch_05","2023-11-20 08:00:00","99999999"
"event_rain_tcandles1","2026-03-09 07:00:00","1440"
"spiritshopitem_ap06unlock_ap20_fetch_08","2023-12-18 08:00:00","99999999"
"spiritshopitem_ap06unlock_fetch_dawn","2020-05-04 07:00:00","99999999"
"spiritshopitem_ap06unlock_ap09_fetch_01","2021-01-04 08:00:00","99999999"
"quest_scavenger_spirit_rockcollection1","2026-03-09 07:00:00","1440"
"spiritshopitem_ap06unlock_ap17_fetch_01","2023-01-16 08:00:00","99999999"
"spiritshopitem_ap06unlock_ap11_fetch_01","2021-07-06 07:00:00","99999999"
"quest_ap14_fetch_05","2022-06-06 07:00:00","99999999"
"spiritshopitem_ap06unlock_ap10_fetch_03","2021-05-03 07:00:00","99999999"
"quest_ap09_fetch_02","2021-01-11 08:00:00","99999999"
"collectible_cough","2025-04-21 07:00:00","99999999"
"quest_ap14_fetch_02","2022-04-25 07:00:00","99999999"
"ap29_fetch_02_revolvingdance","2026-01-17 08:00:00","99999999"
"quest_ap10_fetch_06","2021-05-31 07:00:00","99999999"
"spiritshopitem_ap06unlock_ap22_fetch_04","2024-05-27 07:00:00","99999999"
"spiritshopitem_ap06unlock_ap20_fetch_04","2023-11-13 08:00:00","99999999"
"quest_ap24_fetch_03","2024-10-28 07:00:00","99999999"
"spiritshopitem_ap06unlock_ap22_miniHouse_03","2024-05-27 07:00:00","99999999"
"aurora_minigame_4","2026-03-10 02:45:00","12"
"bloom_2023_waxbutterfly","2026-03-20 07:00:00","30"
"spiritshopitem_ap06unlock_ap12_fetch_02","2021-10-18 07:00:00","99999999"
"quest_ap28_fetch_10","2025-12-22 08:00:00","99999999"
"quest_ap24_fetch_11","2024-12-09 08:00:00","99999999"
"quest_ap22_miniShop_03","2024-06-10 07:00:00","99999999"
"elder_sanctuary_patrol","2026-03-10 03:00:00","1"
"elder_sanctuary_patrol","2026-03-10 03:20:00","1"
"spiritshopitem_ap06unlock_ap20_fetch_06","2023-11-27 08:00:00","99999999"
"quest_ap24_fetch_06","2024-11-11 08:00:00","99999999"
"basecamp_rain","2026-03-08 08:00:00","4320"
"spiritshopitem_ap06unlock_ap15_fetch_02","2022-07-19 07:00:00","99999999"
"ap18_ritual_02_audience_lobby","2026-03-10 02:53:00","7"
"ap18_ritual_02_audience_lobby","2026-03-10 03:08:00","7"
"ap18_ritual_02_audience_lobby","2026-03-10 03:23:00","7"
"ap18_ritual_02_audience_lobby","2026-03-10 03:38:00","7"
"global_bloom_2026_grow_3","2026-03-20 07:00:00","14400"
"global_bloom_2025_3","2026-03-19 07:00:00","4320"
"quest_ap27_fetch_01","2025-07-21 07:00:00","99999999"
"social_wax_on","2021-09-01 07:00:00","99999999"
"global_weekend_shop","2026-03-13 07:00:00","1440"
"spiritshopitem_ap06unlock_ap12_fetch_03","2021-11-01 07:00:00","99999999"
"quest_ap24_fetch_07","2024-11-25 08:00:00","99999999"
"sunset_colosseum_firework_interval","2026-03-10 03:00:00","3"
"spiritshopitem_ap06unlock_ap20_fetch_10","2023-12-25 08:00:00","99999999"
"social_dusk_embersanctuary","2026-03-09 07:00:00","1439"
"spiritshopitem_ap06unlock_ap07_fetch_06","2020-09-08 07:00:00","99999999"
"collectible_backflip","2026-03-09 07:00:00","1440"
"quest_ap28_fetch_05","2025-11-17 08:00:00","99999999"
"spiritshopitem_ap06unlock_ap09_fetch_05","2021-02-15 08:00:00","99999999"
"spiritshopitem_ap06unlock_ap22_miniSocial_03","2024-06-03 07:00:00","99999999"
"quest_ap22_fetch_04","2024-05-27 07:00:00","99999999"
"spiritshopitem_ap06unlock_ap17_fetch_09","2023-03-20 07:00:00","99999999"
"aurora_queendom_countdown","2026-03-10 03:53:00","1"
"spiritshopitem_ap06unlock_ap22_fetch_02","2024-04-22 07:00:00","99999999"
"skyfest_fireworks_show_act4","2026-03-10 03:26:00","8"
"quest_ap22_fetch_05","2024-06-10 07:00:00","99999999"
"wildlifepark_cycle_sunset","2026-03-10 02:54:00","2"
"wildlifepark_cycle_sunset","2026-03-10 03:06:00","2"
"wildlifepark_cycle_sunset","2026-03-10 03:18:00","2"
"global_bloom_2026_grow_1","2026-03-16 07:00:00","2880"
"spiritshopitem_ap06unlock_ap15_fetch_04","2022-08-19 07:00:00","99999999"
"quest_ap20_fetch_08","2023-12-18 08:00:00","99999999"
"collectible_manatee","2026-03-09 07:00:00","1440"
"collectible_manatee","2026-03-10 07:00:00","1440"
"collectible_shy","2026-03-09 07:00:00","1440"
"quest_ap13_fetch_02","2022-01-24 08:00:00","99999999"
"hub_clocktower","2026-03-10 03:00:00","0"
"hub_clocktower","2026-03-10 03:15:00","0"
"spiritshopitem_ap06unlock_fetch_night","2020-05-18 07:00:00","99999999"
"global_bloom_2025_5","2026-03-25 07:00:00","4320"
"prairie_quest","2026-03-09 07:00:00","1440"
"quest_ap13_fetch_03","2022-01-31 08:00:00","99999999"
"quest_ap20_fetch_03","2023-10-30 07:00:00","99999999"
"collectible_seek","2026-03-09 07:00:00","1440"
"aurora_concert","2026-03-10 03:10:00","48"
"aurora_concert","2026-03-10 05:10:00","48"
"spiritshopitem_ap06unlock_ap14_fetch_02","2022-04-25 07:00:00","99999999"
"radiant_darkstone_despawn_warning","2026-03-10 02:58:00","1"
"quest_ap10_fetch_01","2021-04-05 07:00:00","99999999"
"spiritshopitem_ap06unlock_ap07_fetch_02","2020-07-20 07:00:00","99999999"
"spiritshopitem_ap06unlock_ap10_fetch_05","2021-05-17 07:00:00","99999999"
"global_cafe_open","2024-04-27 07:00:00","99999999"
"global_bloom_2026_grow_2","2026-03-18 07:00:00","2880"
"quest_ap22_miniHouse_03","2024-05-27 07:00:00","99999999"
"spiritshopitem_ap06unlock_ap11_fetch_06","2021-08-20 07:00:00","99999999"
"spiritshopitem_ap06unlock_ap18_fetch_01","2023-04-17 07:00:00","99999999"
"quest_ap28_fetch_06","2025-11-24 08:00:00","99999999"
"quest_ap10_fetch_04","2021-05-10 07:00:00","99999999"
"global_pc_launch","2024-04-10 07:00:00","99999999"
"collectible_armwave","2026-03-09 07:00:00","1440"
"collectible_armwave","2026-03-10 07:00:00","1440"
"quest_ap24_fetch_04","2024-10-28 07:00:00","99999999"
"quest_ap27_fetch_03","2025-08-04 07:00:00","99999999"
"feast_catch_crabbit","2026-03-10 02:00:00","60"
"feast_catch_crabbit","2026-03-10 03:00:00","60"
"global_nature_geyser","2026-03-10 03:00:00","15"
"global_bloom_2025_6","2026-03-28 07:00:00","8640"
"spiritshopitem_ap06unlock_ap11_fetch_04","2021-08-02 07:00:00","99999999"
"spiritshopitem_ap06unlock_fetch_day","2020-05-11 07:00:00","99999999"
"wildlifepark_cycle_night","2026-03-10 02:57:00","3"
"wildlifepark_cycle_night","2026-03-10 03:09:00","3"
"wildlifepark_cycle_night","2026-03-10 03:21:00","3"
"social_prairie_cozycave","2026-03-09 07:00:00","1439"
"nature_geyser_on","2021-04-19 07:00:00","99999999"
"visiting_vendor_questap12","2026-03-09 07:00:00","1440"
"quest_ap14_fetch_03","2022-05-09 07:00:00","99999999"
"quest_ap28_fetch_01","2025-10-20 07:00:00","99999999"
"mainstreet_cycle_day_B","2026-03-10 03:15:00","25"
"visiting_vendor_questap24","2026-03-09 07:00:00","1440"
"global_bloom_2025_1","2026-03-13 07:00:00","4320"
"ap29_fetch_10_whisper","2026-03-13 07:00:00","99999999"
"day_fairyring","2026-03-10 02:50:00","10"
"spiritshopitem_ap06unlock_ap07_fetch_03","2020-07-27 07:00:00","99999999"
"spiritshopitem_ap06unlock_ap10_fetch_01","2021-04-05 07:00:00","99999999"
"global_bloom_2026_grow","2026-03-16 07:00:00","20160"
"quest_ap13_fetch_05","2022-03-07 08:00:00","99999999"
"quest_ap14_fetch_04","2022-05-23 07:00:00","99999999"
"spiritshopitem_ap06unlock_ap19_fetch_04","2023-08-28 07:00:00","99999999"
"visiting_vendor_questap17","2026-03-09 07:00:00","1440"
"collectible_wipe","2026-03-09 07:00:00","1440"
"survey_daily_quests_0_32_5","2026-03-02 08:00:00","11520"
"spiritshopitem_ap06unlock_ap19_fetch_05","2023-09-18 07:00:00","99999999"
"global_merchandise_live","2026-01-23 02:00:00","66540"
"spiritshopitem_ap06unlock_ap22_miniSocial_02","2024-05-27 07:00:00","99999999"
"weekly_dye_rotation_02","2026-03-06 08:00:00","10020"
"quest_ap28_fetch_04_bells","2025-11-10 08:00:00","99999999"
"spiritshopitem_ap06unlock_ap17_fetch_10","2023-03-20 07:00:00","99999999"
"quest_ap24_fetch_02","2024-10-14 07:00:00","99999999"
"aurora_runaway","2026-03-10 03:19:00","4"
"aurora_runaway","2026-03-10 05:19:00","4"
"quest_ap25_fetch_01","2025-01-20 08:00:00","99999999"
"ap18_ritual_02","2026-03-10 03:00:00","1"
"ap18_ritual_02","2026-03-10 03:15:00","1"
"quest_ap09_fetch_04","2021-02-08 08:00:00","99999999"
"radiant_darkstone_enable","2025-01-20 08:00:00","99999999"
"quest_ap22_fetch_02","2024-04-22 07:00:00","99999999"
"quest_ap12_fetch_01","2021-10-04 07:00:00","99999999"
"collectible_reading","2024-10-14 07:00:00","99999999"
"quest_ap16_fetch_01","2022-10-17 07:00:00","99999999"
"spiritshopitem_ap06unlock_ap11_fetch_03","2021-07-23 07:00:00","99999999"
"global_transcendent_traveler","2025-03-17 07:00:00","99999999"
"ap29_fetch_08_secret","2026-02-27 08:00:00","99999999"
"quest_ap29_fetch_01","2026-01-16 08:00:00","99999999"
"spiritshopitem_ap06unlock_ap21_fetch_04","2024-02-26 08:00:00","99999999"
"spiritshopitem_ap06unlock_ap21_fetch_05","2024-03-11 07:00:00","99999999"
"visiting_vendor_questap18","2026-03-09 07:00:00","1440"
"spiritshopitem_ap06unlock_ap12_fetch_01","2021-10-04 07:00:00","99999999"
"quest_ap20_fetch_01","2023-10-16 07:00:00","99999999"
"quest_ap28_fetch_01_bells","2025-10-20 07:00:00","99999999"
"visiting_vendor_questap27manatee","2026-03-09 07:00:00","1440"
"collectible_cold","2026-03-09 07:00:00","1440"
"quest_sunset_race","2026-03-09 07:00:00","1440"
"collectible_cape","2026-03-09 07:00:00","1440"
"spiritshopitem_ap06unlock_ap19_fetch_01","2023-07-17 07:00:00","99999999"
"spiritshopitem_ap06unlock_ap20_fetch_05","2023-11-20 08:00:00","99999999"
"day_boat","2026-03-09 07:00:00","1440"
"quest_ap22_miniSocial_02","2024-05-27 07:00:00","99999999"
"spiritshopitem_ap06unlock_ap13_fetch_02","2022-01-24 08:00:00","99999999"
"quest_ap13_fetch_04","2022-02-14 08:00:00","99999999"
"quest_ap26_fetch_05","2025-06-16 07:00:00","99999999"
"quest_ap24_sidequest_03","2024-10-14 07:00:00","99999999"
"dusk_darkstone_0","2026-03-09 07:00:00","1440"
"collectible_facepalm","2026-02-27 08:00:00","20100"
"AP27CapeHealingSpa","2026-03-09 07:00:00","1439"
"AP27CapeHealingSpa","2026-03-10 07:00:00","1439"
"quest_ap09_fetch_03","2021-01-25 08:00:00","99999999"
"collectible_cry","2026-03-09 07:00:00","1440"
"quest_competition_cloudcollect","2024-07-29 07:00:00","99999999"
"collectible_butterfly","2026-03-09 07:00:00","1440"
"aurora_exhaleinhale_wrap","2026-03-10 03:16:00","2"
"aurora_exhaleinhale_wrap","2026-03-10 05:16:00","2"
"spiritshopitem_ap06unlock_ap16_fetch_03","2022-11-14 08:00:00","99999999"
"spiritshopitem_ap06unlock_ap17_fetch_07","2023-02-27 08:00:00","99999999"
"collectible_die","2026-03-09 07:00:00","1440"
"quest_ap25_fetch_04","2025-03-03 08:00:00","99999999"
"quest_ap22_miniHouse_02","2024-05-06 07:00:00","99999999"
"global_rosegarden_forever","2025-04-08 07:00:00","99999999"
"radiance_event_dye_exchange_02","2026-03-06 08:00:00","10020"
"collectible_duetbow","2024-08-12 07:00:00","99999999"
"collectible_sneaky","2026-03-09 07:00:00","1440"
